2026-07-31 12:15:47 | INFO | ACAO | MIGRACAO_V1 | FOREIGN KEY habilitado
2026-07-31 12:15:47 | INFO | ACAO | MIGRACAO_V2 | Criando índices
2026-07-31 12:15:47 | INFO | ACAO | BANCO_INICIADO | schema_version=2
2026-07-31 12:15:47 | INFO | ACAO | PERSONAGEM_CRIADO | user_id=user1 id=1 nome=A
2026-07-31 12:15:47 | INFO | ACAO | SALDO_ATUALIZADO | personagem_id=1 delta=500 novo_saldo=1500
2026-07-31 12:15:47 | INFO | ACAO | SALDO_ATUALIZADO | personagem_id=1 delta=-2000 novo_saldo=0
2026-07-31 12:15:47 | INFO | ACAO | MIGRACAO_V1 | FOREIGN KEY habilitado
2026-07-31 12:15:47 | INFO | ACAO | MIGRACAO_V2 | Criando índices
2026-07-31 12:15:48 | INFO | ACAO | BANCO_INICIADO | schema_version=2
2026-07-31 12:15:48 | INFO | ACAO | PERSONAGEM_CRIADO | user_id=user1 id=1 nome=João
2026-07-31 12:15:48 | INFO | ACAO | MIGRACAO_V1 | FOREIGN KEY habilitado
2026-07-31 12:15:48 | INFO | ACAO | MIGRACAO_V2 | Criando índices
2026-07-31 12:15:48 | INFO | ACAO | BANCO_INICIADO | schema_version=2
2026-07-31 12:15:48 | INFO | ACAO | PERSONAGEM_CRIADO | user_id=user1 id=1 nome=A
2026-07-31 12:15:48 | INFO | ACAO | PERSONAGEM_CRIADO | user_id=user1 id=2 nome=A
2026-07-31 12:15:48 | INFO | ACAO | MIGRACAO_V1 | FOREIGN KEY habilitado
2026-07-31 12:15:48 | INFO | ACAO | MIGRACAO_V2 | Criando índices
2026-07-31 12:15:48 | INFO | ACAO | BANCO_INICIADO | schema_version=2
2026-07-31 12:15:48 | INFO | ACAO | PERSONAGEM_CRIADO | user_id=user1 id=1 nome=A
2026-07-31 12:15:48 | INFO | ACAO | PERSONAGEM_CRIADO | user_id=user1 id=2 nome=A
2026-07-31 12:15:48 | INFO | ACAO | PERSONAGEM_ATIVADO | user_id=user1 personagem_id=1
2026-07-31 12:15:48 | INFO | ACAO | MIGRACAO_V1 | FOREIGN KEY habilitado
2026-07-31 12:15:48 | INFO | ACAO | MIGRACAO_V2 | Criando índices
2026-07-31 12:15:48 | INFO | ACAO | BANCO_INICIADO | schema_version=2
2026-07-31 12:15:48 | INFO | ACAO | PERSONAGEM_CRIADO | user_id=user1 id=1 nome=A
2026-07-31 12:15:48 | INFO | ACAO | PERSONAGEM_PRESO | personagem_id=1
2026-07-31 12:15:48 | INFO | ACAO | PERSONAGEM_SOLTO | personagem_id=1
2026-07-31 12:15:48 | INFO | ACAO | MIGRACAO_V1 | FOREIGN KEY habilitado
2026-07-31 12:15:48 | INFO | ACAO | MIGRACAO_V2 | Criando índices
2026-07-31 12:15:49 | INFO | ACAO | BANCO_INICIADO | schema_version=2
2026-07-31 12:15:49 | INFO | ACAO | PERSONAGEM_CRIADO | user_id=user_teste id=1 nome=A
2026-07-31 12:15:49 | INFO | ACAO | CHAMADO_EMERGENCIA_ABERTO | id=1 tipo=192 personagem_id=1
2026-07-31 12:15:49 | INFO | ACAO | MIGRACAO_V1 | FOREIGN KEY habilitado
2026-07-31 12:15:49 | INFO | ACAO | MIGRACAO_V2 | Criando índices
2026-07-31 12:15:49 | INFO | ACAO | BANCO_INICIADO | schema_version=2
2026-07-31 12:15:49 | INFO | ACAO | PERSONAGEM_CRIADO | user_id=user_teste id=1 nome=A
2026-07-31 12:15:49 | INFO | ACAO | CHAMADO_EMERGENCIA_ABERTO | id=1 tipo=192 personagem_id=1
2026-07-31 12:15:49 | INFO | ACAO | PERSONAGEM_CRIADO | user_id=user_teste id=2 nome=Medico
2026-07-31 12:15:49 | INFO | ACAO | CHAMADO_ATENDIDO | chamado_id=1 atendente_id=2
2026-07-31 12:15:50 | INFO | ACAO | MIGRACAO_V1 | FOREIGN KEY habilitado
2026-07-31 12:15:50 | INFO | ACAO | MIGRACAO_V2 | Criando índices
2026-07-31 12:15:50 | INFO | ACAO | BANCO_INICIADO | schema_version=2
2026-07-31 12:15:50 | INFO | ACAO | PERSONAGEM_CRIADO | user_id=user_teste id=1 nome=A
2026-07-31 12:15:50 | INFO | ACAO | PERSONAGEM_CRIADO | user_id=user_teste id=2 nome=B
2026-07-31 12:15:50 | INFO | ACAO | PEDIDO_RELACAO_CRIADO | id=1 de=1 para=2 tipo=amigo
2026-07-31 12:15:50 | INFO | ACAO | PEDIDO_RELACAO_ACEITO | pedido_id=1
2026-07-31 12:15:50 | INFO | ACAO | MIGRACAO_V1 | FOREIGN KEY habilitado
2026-07-31 12:15:50 | INFO | ACAO | MIGRACAO_V2 | Criando índices
2026-07-31 12:15:50 | INFO | ACAO | BANCO_INICIADO | schema_version=2
2026-07-31 12:15:50 | INFO | ACAO | PERSONAGEM_CRIADO | user_id=user_teste id=1 nome=Pai
2026-07-31 12:15:50 | INFO | ACAO | PERSONAGEM_CRIADO | user_id=user_teste id=2 nome=Filho
2026-07-31 12:15:50 | INFO | ACAO | PEDIDO_RELACAO_CRIADO | id=1 de=1 para=2 tipo=pai
2026-07-31 12:15:50 | INFO | ACAO | MIGRACAO_V1 | FOREIGN KEY habilitado
2026-07-31 12:15:50 | INFO | ACAO | MIGRACAO_V2 | Criando índices
2026-07-31 12:15:51 | INFO | ACAO | BANCO_INICIADO | schema_version=2
2026-07-31 12:15:51 | INFO | ACAO | PERSONAGEM_CRIADO | user_id=user_teste id=1 nome=A
2026-07-31 12:15:51 | INFO | ACAO | PERSONAGEM_CRIADO | user_id=user_teste id=2 nome=B
2026-07-31 12:15:51 | INFO | ACAO | PEDIDO_RELACAO_CRIADO | id=1 de=1 para=2 tipo=amigo
2026-07-31 12:15:51 | INFO | ACAO | MIGRACAO_V1 | FOREIGN KEY habilitado
2026-07-31 12:15:51 | INFO | ACAO | MIGRACAO_V2 | Criando índices
2026-07-31 12:15:51 | INFO | ACAO | BANCO_INICIADO | schema_version=2
2026-07-31 12:15:51 | INFO | ACAO | PERSONAGEM_CRIADO | user_id=user_teste id=1 nome=A
2026-07-31 12:15:51 | INFO | ACAO | PERSONAGEM_CRIADO | user_id=user_teste id=2 nome=B
2026-07-31 12:15:51 | INFO | ACAO | PEDIDO_RELACAO_CRIADO | id=1 de=1 para=2 tipo=amigo
2026-07-31 12:15:51 | INFO | ACAO | PEDIDO_RELACAO_RECUSADO | pedido_id=1
2026-07-31 12:37:50 | INFO | ACAO | BOT_INICIANDO | carregando banco e cogs
2026-07-31 12:37:50 | INFO | ACAO | MIGRACAO_V1 | FOREIGN KEY habilitado
2026-07-31 12:37:50 | INFO | ACAO | MIGRACAO_V2 | Criando índices
2026-07-31 12:37:50 | INFO | ACAO | MIGRACAO_V3 | Adicionando campos de status do personagem
2026-07-31 12:37:50 | INFO | ACAO | MIGRACAO_V4 | Criando tabela de inventário
2026-07-31 12:37:50 | INFO | ACAO | MIGRACAO_V5 | Sistema econômico: banco, cartão, transações
2026-07-31 12:37:50 | INFO | ACAO | MIGRACAO_V6 | Sistema de NPCs
2026-07-31 12:37:50 | INFO | ACAO | BANCO_INICIADO | schema_version=6
2026-07-31 12:37:50 | ERROR | Falha ao carregar cog cogs.personagem: Extension 'cogs.personagem' raised an error: ImportError: cannot import name 'formatar_moeda' from 'utils' (/data/data/com.termux/files/home/Econonelo/rpbot/utils/__init__.py)
2026-07-31 12:37:50 | ERROR | Traceback (most recent call last):
  File "/data/data/com.termux/files/usr/lib/python3.13/site-packages/discord/ext/commands/bot.py", line 962, in _load_from_module_spec
    spec.loader.exec_module(lib)  # type: ignore
    ~~~~~~~~~~~~~~~~~~~~~~~^^^^^
  File "<frozen importlib._bootstrap_external>", line 1023, in exec_module
  File "<frozen importlib._bootstrap>", line 488, in _call_with_frames_removed
  File "/data/data/com.termux/files/home/Econonelo/rpbot/cogs/personagem.py", line 5, in <module>
    from utils import formatar_moeda
ImportError: cannot import name 'formatar_moeda' from 'utils' (/data/data/com.termux/files/home/Econonelo/rpbot/utils/__init__.py)

The above exception was the direct cause of the following exception:

Traceback (most recent call last):
  File "/data/data/com.termux/files/home/Econonelo/rpbot/bot.py", line 70, in main
    await bot.load_extension(cog)
  File "/data/data/com.termux/files/usr/lib/python3.13/site-packages/discord/ext/commands/bot.py", line 1040, in load_extension
    await self._load_from_module_spec(spec, name)
  File "/data/data/com.termux/files/usr/lib/python3.13/site-packages/discord/ext/commands/bot.py", line 965, in _load_from_module_spec
    raise errors.ExtensionFailed(key, e) from e
discord.ext.commands.errors.ExtensionFailed: Extension 'cogs.personagem' raised an error: ImportError: cannot import name 'formatar_moeda' from 'utils' (/data/data/com.termux/files/home/Econonelo/rpbot/utils/__init__.py)

2026-07-31 12:37:50 | INFO | Cog carregada: cogs.familia
2026-07-31 12:37:51 | INFO | Cog carregada: cogs.oab
2026-07-31 12:37:51 | INFO | Cog carregada: cogs.provas
2026-07-31 12:37:51 | INFO | Cog carregada: cogs.emergencia
2026-07-31 12:37:51 | INFO | Cog carregada: cogs.profissoes
2026-07-31 12:37:51 | ERROR | Falha ao carregar cog cogs.tarefas: Extension 'cogs.tarefas' raised an error: ImportError: cannot import name 'formatar_moeda' from 'utils' (/data/data/com.termux/files/home/Econonelo/rpbot/utils/__init__.py)
2026-07-31 12:37:51 | ERROR | Traceback (most recent call last):
  File "/data/data/com.termux/files/usr/lib/python3.13/site-packages/discord/ext/commands/bot.py", line 962, in _load_from_module_spec
    spec.loader.exec_module(lib)  # type: ignore
    ~~~~~~~~~~~~~~~~~~~~~~~^^^^^
  File "<frozen importlib._bootstrap_external>", line 1023, in exec_module
  File "<frozen importlib._bootstrap>", line 488, in _call_with_frames_removed
  File "/data/data/com.termux/files/home/Econonelo/rpbot/cogs/tarefas.py", line 8, in <module>
    from utils import formatar_moeda
ImportError: cannot import name 'formatar_moeda' from 'utils' (/data/data/com.termux/files/home/Econonelo/rpbot/utils/__init__.py)

The above exception was the direct cause of the following exception:

Traceback (most recent call last):
  File "/data/data/com.termux/files/home/Econonelo/rpbot/bot.py", line 70, in main
    await bot.load_extension(cog)
  File "/data/data/com.termux/files/usr/lib/python3.13/site-packages/discord/ext/commands/bot.py", line 1040, in load_extension
    await self._load_from_module_spec(spec, name)
  File "/data/data/com.termux/files/usr/lib/python3.13/site-packages/discord/ext/commands/bot.py", line 965, in _load_from_module_spec
    raise errors.ExtensionFailed(key, e) from e
discord.ext.commands.errors.ExtensionFailed: Extension 'cogs.tarefas' raised an error: ImportError: cannot import name 'formatar_moeda' from 'utils' (/data/data/com.termux/files/home/Econonelo/rpbot/utils/__init__.py)

2026-07-31 12:37:51 | ERROR | Falha ao carregar cog cogs.economia: Extension 'cogs.economia' raised an error: SyntaxError: invalid syntax (economia.py, line 137)
2026-07-31 12:37:51 | ERROR | Traceback (most recent call last):
  File "/data/data/com.termux/files/usr/lib/python3.13/site-packages/discord/ext/commands/bot.py", line 962, in _load_from_module_spec
    spec.loader.exec_module(lib)  # type: ignore
    ~~~~~~~~~~~~~~~~~~~~~~~^^^^^
  File "<frozen importlib._bootstrap_external>", line 1019, in exec_module
  File "<frozen importlib._bootstrap_external>", line 1157, in get_code
  File "<frozen importlib._bootstrap_external>", line 1087, in source_to_code
  File "<frozen importlib._bootstrap>", line 488, in _call_with_frames_removed
  File "/data/data/com.termux/files/home/Econonelo/rpbot/cogs/economia.py", line 137
    async def extrato_cmd(self, commands.Context):
                                        ^
SyntaxError: invalid syntax

The above exception was the direct cause of the following exception:

Traceback (most recent call last):
  File "/data/data/com.termux/files/home/Econonelo/rpbot/bot.py", line 70, in main
    await bot.load_extension(cog)
  File "/data/data/com.termux/files/usr/lib/python3.13/site-packages/discord/ext/commands/bot.py", line 1040, in load_extension
    await self._load_from_module_spec(spec, name)
  File "/data/data/com.termux/files/usr/lib/python3.13/site-packages/discord/ext/commands/bot.py", line 965, in _load_from_module_spec
    raise errors.ExtensionFailed(key, e) from e
discord.ext.commands.errors.ExtensionFailed: Extension 'cogs.economia' raised an error: SyntaxError: invalid syntax (economia.py, line 137)

2026-07-31 12:37:51 | INFO | Cog carregada: cogs.eventos
2026-07-31 12:37:51 | INFO | Cog carregada: cogs.ajuda
2026-07-31 12:37:51 | INFO | Cog carregada: cogs.status
2026-07-31 12:37:51 | INFO | Cog carregada: cogs.acoes
2026-07-31 12:37:51 | INFO | Cog carregada: cogs.inventario
2026-07-31 12:37:51 | INFO | Cog carregada: cogs.npcs
2026-07-31 12:37:54 | INFO | Bot conectado como Econonelo RP#9444 (ID: 1532558409356939284)
2026-07-31 12:37:54 | INFO | Prefixo ativo: ?
2026-07-31 12:40:51 | INFO | ACAO | BOT_INICIANDO | carregando banco e cogs
2026-07-31 12:40:51 | INFO | ACAO | BANCO_INICIADO | schema_version=6
2026-07-31 12:40:51 | INFO | Cog carregada: cogs.personagem
2026-07-31 12:40:51 | INFO | Cog carregada: cogs.familia
2026-07-31 12:40:52 | INFO | Cog carregada: cogs.oab
2026-07-31 12:40:52 | INFO | Cog carregada: cogs.provas
2026-07-31 12:40:52 | INFO | Cog carregada: cogs.emergencia
2026-07-31 12:40:52 | INFO | Cog carregada: cogs.profissoes
2026-07-31 12:40:52 | INFO | Cog carregada: cogs.tarefas
2026-07-31 12:40:52 | INFO | Cog carregada: cogs.economia
2026-07-31 12:40:52 | INFO | Cog carregada: cogs.eventos
2026-07-31 12:40:52 | INFO | Cog carregada: cogs.ajuda
2026-07-31 12:40:52 | INFO | Cog carregada: cogs.status
2026-07-31 12:40:52 | INFO | Cog carregada: cogs.acoes
2026-07-31 12:40:52 | INFO | Cog carregada: cogs.inventario
2026-07-31 12:40:52 | INFO | Cog carregada: cogs.npcs
2026-07-31 12:40:55 | INFO | Bot conectado como Econonelo RP#9444 (ID: 1532558409356939284)
2026-07-31 12:40:55 | INFO | Prefixo ativo: ?
2026-07-31 15:17:55 | INFO | ACAO | BOT_INICIANDO | carregando banco e cogs
2026-07-31 15:17:56 | INFO | ACAO | MIGRACAO_V18 | Empresas reais + Estoque + Mercado de Trabalho
2026-07-31 15:17:56 | INFO | ACAO | BANCO_INICIADO | schema_version=18
2026-07-31 15:17:56 | INFO | Cog carregada: cogs.personagem
2026-07-31 15:17:56 | INFO | Cog carregada: cogs.familia
2026-07-31 15:17:56 | INFO | Cog carregada: cogs.oab
2026-07-31 15:17:56 | INFO | Cog carregada: cogs.provas
2026-07-31 15:17:56 | INFO | Cog carregada: cogs.emergencia
2026-07-31 15:17:56 | ERROR | Falha ao carregar cog cogs.profissoes: Extension 'cogs.profissoes' raised an error: SyntaxError: unterminated f-string literal (detected at line 59) (profissoes.py, line 59)
2026-07-31 15:17:56 | ERROR | Traceback (most recent call last):
  File "/data/data/com.termux/files/usr/lib/python3.13/site-packages/discord/ext/commands/bot.py", line 962, in _load_from_module_spec
    spec.loader.exec_module(lib)  # type: ignore
    ~~~~~~~~~~~~~~~~~~~~~~~^^^^^
  File "<frozen importlib._bootstrap_external>", line 1019, in exec_module
  File "<frozen importlib._bootstrap_external>", line 1157, in get_code
  File "<frozen importlib._bootstrap_external>", line 1087, in source_to_code
  File "<frozen importlib._bootstrap>", line 488, in _call_with_frames_removed
  File "/data/data/com.termux/files/home/Econonelo/rpbot/cogs/profissoes.py", line 59
    f"{info['emoji']} {personagem['nome']} agora é **Professor**!
    ^
SyntaxError: unterminated f-string literal (detected at line 59)

The above exception was the direct cause of the following exception:

Traceback (most recent call last):
  File "/data/data/com.termux/files/home/Econonelo/rpbot/bot.py", line 84, in main
    await bot.load_extension(cog)
  File "/data/data/com.termux/files/usr/lib/python3.13/site-packages/discord/ext/commands/bot.py", line 1040, in load_extension
    await self._load_from_module_spec(spec, name)
  File "/data/data/com.termux/files/usr/lib/python3.13/site-packages/discord/ext/commands/bot.py", line 965, in _load_from_module_spec
    raise errors.ExtensionFailed(key, e) from e
discord.ext.commands.errors.ExtensionFailed: Extension 'cogs.profissoes' raised an error: SyntaxError: unterminated f-string literal (detected at line 59) (profissoes.py, line 59)

2026-07-31 15:17:56 | INFO | Cog carregada: cogs.tarefas
2026-07-31 15:17:56 | INFO | Cog carregada: cogs.economia
2026-07-31 15:17:56 | ERROR | Falha ao carregar cog cogs.eventos: Extension 'cogs.eventos' raised an error: SyntaxError: unterminated string literal (detected at line 17) (evento_service.py, line 17)
2026-07-31 15:17:56 | ERROR | Traceback (most recent call last):
  File "/data/data/com.termux/files/usr/lib/python3.13/site-packages/discord/ext/commands/bot.py", line 962, in _load_from_module_spec
    spec.loader.exec_module(lib)  # type: ignore
    ~~~~~~~~~~~~~~~~~~~~~~~^^^^^
  File "<frozen importlib._bootstrap_external>", line 1023, in exec_module
  File "<frozen importlib._bootstrap>", line 488, in _call_with_frames_removed
  File "/data/data/com.termux/files/home/Econonelo/rpbot/cogs/eventos.py", line 11, in <module>
    from services.evento_service import gerar_evento_aleatorio, aplicar_efeitos_eventos, limpar_eventos_antigos
  File "/data/data/com.termux/files/home/Econonelo/rpbot/services/evento_service.py", line 17
    "titulo": "Ond
              ^
SyntaxError: unterminated string literal (detected at line 17)

The above exception was the direct cause of the following exception:

Traceback (most recent call last):
  File "/data/data/com.termux/files/home/Econonelo/rpbot/bot.py", line 84, in main
    await bot.load_extension(cog)
  File "/data/data/com.termux/files/usr/lib/python3.13/site-packages/discord/ext/commands/bot.py", line 1040, in load_extension
    await self._load_from_module_spec(spec, name)
  File "/data/data/com.termux/files/usr/lib/python3.13/site-packages/discord/ext/commands/bot.py", line 965, in _load_from_module_spec
    raise errors.ExtensionFailed(key, e) from e
discord.ext.commands.errors.ExtensionFailed: Extension 'cogs.eventos' raised an error: SyntaxError: unterminated string literal (detected at line 17) (evento_service.py, line 17)

2026-07-31 15:17:56 | INFO | Cog carregada: cogs.ajuda
2026-07-31 15:17:56 | INFO | Cog carregada: cogs.status
2026-07-31 15:17:56 | INFO | Cog carregada: cogs.acoes
2026-07-31 15:17:56 | INFO | Cog carregada: cogs.inventario
2026-07-31 15:17:56 | INFO | Cog carregada: cogs.npcs
2026-07-31 15:17:56 | ERROR | Falha ao carregar cog cogs.casas: Extension 'cogs.casas' raised an error: SyntaxError: unterminated f-string literal (detected at line 84) (casas.py, line 84)
2026-07-31 15:17:56 | ERROR | Traceback (most recent call last):
  File "/data/data/com.termux/files/usr/lib/python3.13/site-packages/discord/ext/commands/bot.py", line 962, in _load_from_module_spec
    spec.loader.exec_module(lib)  # type: ignore
    ~~~~~~~~~~~~~~~~~~~~~~~^^^^^
  File "<frozen importlib._bootstrap_external>", line 1019, in exec_module
  File "<frozen importlib._bootstrap_external>", line 1157, in get_code
  File "<frozen importlib._bootstrap_external>", line 1087, in source_to_code
  File "<frozen importlib._bootstrap>", line 488, in _call_with_frames_removed
  File "/data/data/com.termux/files/home/Econonelo/rpbot/cogs/casas.py", line 84
    f"Você já tem {MAX_CASAS_POR_JOGADOR} casas, mano! Vende uma antes de comprar outra.
    ^
SyntaxError: unterminated f-string literal (detected at line 84)

The above exception was the direct cause of the following exception:

Traceback (most recent call last):
  File "/data/data/com.termux/files/home/Econonelo/rpbot/bot.py", line 84, in main
    await bot.load_extension(cog)
  File "/data/data/com.termux/files/usr/lib/python3.13/site-packages/discord/ext/commands/bot.py", line 1040, in load_extension
    await self._load_from_module_spec(spec, name)
  File "/data/data/com.termux/files/usr/lib/python3.13/site-packages/discord/ext/commands/bot.py", line 965, in _load_from_module_spec
    raise errors.ExtensionFailed(key, e) from e
discord.ext.commands.errors.ExtensionFailed: Extension 'cogs.casas' raised an error: SyntaxError: unterminated f-string literal (detected at line 84) (casas.py, line 84)

2026-07-31 15:17:56 | ERROR | Falha ao carregar cog cogs.veiculos: Extension 'cogs.veiculos' raised an error: SyntaxError: unterminated f-string literal (detected at line 80) (veiculos.py, line 80)
2026-07-31 15:17:56 | ERROR | Traceback (most recent call last):
  File "/data/data/com.termux/files/usr/lib/python3.13/site-packages/discord/ext/commands/bot.py", line 962, in _load_from_module_spec
    spec.loader.exec_module(lib)  # type: ignore
    ~~~~~~~~~~~~~~~~~~~~~~~^^^^^
  File "<frozen importlib._bootstrap_external>", line 1019, in exec_module
  File "<frozen importlib._bootstrap_external>", line 1157, in get_code
  File "<frozen importlib._bootstrap_external>", line 1087, in source_to_code
  File "<frozen importlib._bootstrap>", line 488, in _call_with_frames_removed
  File "/data/data/com.termux/files/home/Econonelo/rpbot/cogs/veiculos.py", line 80
    f"Você já tem {len(veiculos_atuais)} veículos. Máximo atual: {max_veiculos}.
    ^
SyntaxError: unterminated f-string literal (detected at line 80)

The above exception was the direct cause of the following exception:

Traceback (most recent call last):
  File "/data/data/com.termux/files/home/Econonelo/rpbot/bot.py", line 84, in main
    await bot.load_extension(cog)
  File "/data/data/com.termux/files/usr/lib/python3.13/site-packages/discord/ext/commands/bot.py", line 1040, in load_extension
    await self._load_from_module_spec(spec, name)
  File "/data/data/com.termux/files/usr/lib/python3.13/site-packages/discord/ext/commands/bot.py", line 965, in _load_from_module_spec
    raise errors.ExtensionFailed(key, e) from e
discord.ext.commands.errors.ExtensionFailed: Extension 'cogs.veiculos' raised an error: SyntaxError: unterminated f-string literal (detected at line 80) (veiculos.py, line 80)

2026-07-31 15:17:56 | INFO | Cog carregada: cogs.locais
2026-07-31 15:17:56 | INFO | Cog carregada: cogs.balanceamento
2026-07-31 15:17:56 | ERROR | Falha ao carregar cog cogs.minigames: Extension 'cogs.minigames' raised an error: CommandRegistrationError: The command trabalhar is already an existing command or alias.
2026-07-31 15:17:56 | ERROR | Traceback (most recent call last):
  File "/data/data/com.termux/files/usr/lib/python3.13/site-packages/discord/ext/commands/bot.py", line 974, in _load_from_module_spec
    await setup(self)
  File "/data/data/com.termux/files/home/Econonelo/rpbot/cogs/minigames.py", line 205, in setup
    await bot.add_cog(Minigames(bot))
  File "/data/data/com.termux/files/usr/lib/python3.13/site-packages/discord/ext/commands/bot.py", line 810, in add_cog
    cog = await cog._inject(self, override=override, guild=guild, guilds=guilds)
          ^^^^^^^^^^^^^^^^^^^^^^^^^^^^^^^^^^^^^^^^^^^^^^^^^^^^^^^^^^^^^^^^^^^^^^
  File "/data/data/com.termux/files/usr/lib/python3.13/site-packages/discord/ext/commands/cog.py", line 729, in _inject
    raise e
  File "/data/data/com.termux/files/usr/lib/python3.13/site-packages/discord/ext/commands/cog.py", line 720, in _inject
    bot.add_command(command)
    ~~~~~~~~~~~~~~~^^^^^^^^^
  File "/data/data/com.termux/files/usr/lib/python3.13/site-packages/discord/ext/commands/bot.py", line 264, in add_command
    super().add_command(command)
    ~~~~~~~~~~~~~~~~~~~^^^^^^^^^
  File "/data/data/com.termux/files/usr/lib/python3.13/site-packages/discord/ext/commands/core.py", line 1391, in add_command
    raise CommandRegistrationError(command.name)
discord.ext.commands.errors.CommandRegistrationError: The command trabalhar is already an existing command or alias.

The above exception was the direct cause of the following exception:

Traceback (most recent call last):
  File "/data/data/com.termux/files/home/Econonelo/rpbot/bot.py", line 84, in main
    await bot.load_extension(cog)
  File "/data/data/com.termux/files/usr/lib/python3.13/site-packages/discord/ext/commands/bot.py", line 1040, in load_extension
    await self._load_from_module_spec(spec, name)
  File "/data/data/com.termux/files/usr/lib/python3.13/site-packages/discord/ext/commands/bot.py", line 979, in _load_from_module_spec
    raise errors.ExtensionFailed(key, e) from e
discord.ext.commands.errors.ExtensionFailed: Extension 'cogs.minigames' raised an error: CommandRegistrationError: The command trabalhar is already an existing command or alias.

2026-07-31 15:17:56 | INFO | Cog carregada: cogs.justica
2026-07-31 15:17:56 | INFO | Cog carregada: cogs.educacao
2026-07-31 15:17:56 | INFO | Cog carregada: cogs.ia_mundo
2026-07-31 15:17:56 | ERROR | Falha ao carregar cog cogs.profissional: Extension 'cogs.profissional' raised an error: CommandRegistrationError: The command comandos is already an existing command or alias.
2026-07-31 15:17:56 | ERROR | Traceback (most recent call last):
  File "/data/data/com.termux/files/usr/lib/python3.13/site-packages/discord/ext/commands/bot.py", line 974, in _load_from_module_spec
    await setup(self)
  File "/data/data/com.termux/files/home/Econonelo/rpbot/cogs/profissional.py", line 115, in setup
    await bot.add_cog(Profissional(bot))
  File "/data/data/com.termux/files/usr/lib/python3.13/site-packages/discord/ext/commands/bot.py", line 810, in add_cog
    cog = await cog._inject(self, override=override, guild=guild, guilds=guilds)
          ^^^^^^^^^^^^^^^^^^^^^^^^^^^^^^^^^^^^^^^^^^^^^^^^^^^^^^^^^^^^^^^^^^^^^^
  File "/data/data/com.termux/files/usr/lib/python3.13/site-packages/discord/ext/commands/cog.py", line 729, in _inject
    raise e
  File "/data/data/com.termux/files/usr/lib/python3.13/site-packages/discord/ext/commands/cog.py", line 720, in _inject
    bot.add_command(command)
    ~~~~~~~~~~~~~~~^^^^^^^^^
  File "/data/data/com.termux/files/usr/lib/python3.13/site-packages/discord/ext/commands/bot.py", line 264, in add_command
    super().add_command(command)
    ~~~~~~~~~~~~~~~~~~~^^^^^^^^^
  File "/data/data/com.termux/files/usr/lib/python3.13/site-packages/discord/ext/commands/core.py", line 1391, in add_command
    raise CommandRegistrationError(command.name)
discord.ext.commands.errors.CommandRegistrationError: The command comandos is already an existing command or alias.

The above exception was the direct cause of the following exception:

Traceback (most recent call last):
  File "/data/data/com.termux/files/home/Econonelo/rpbot/bot.py", line 84, in main
    await bot.load_extension(cog)
  File "/data/data/com.termux/files/usr/lib/python3.13/site-packages/discord/ext/commands/bot.py", line 1040, in load_extension
    await self._load_from_module_spec(spec, name)
  File "/data/data/com.termux/files/usr/lib/python3.13/site-packages/discord/ext/commands/bot.py", line 979, in _load_from_module_spec
    raise errors.ExtensionFailed(key, e) from e
discord.ext.commands.errors.ExtensionFailed: Extension 'cogs.profissional' raised an error: CommandRegistrationError: The command comandos is already an existing command or alias.

2026-07-31 15:17:56 | INFO | Cog carregada: cogs.editar
2026-07-31 15:17:56 | INFO | Cog carregada: cogs.comandos_exclusivos
2026-07-31 15:17:57 | ERROR | Falha ao carregar cog cogs.corrupcao: Extension 'cogs.corrupcao' raised an error: SyntaxError: '(' was never closed (corrupcao.py, line 51)
2026-07-31 15:17:57 | ERROR | Traceback (most recent call last):
  File "/data/data/com.termux/files/usr/lib/python3.13/site-packages/discord/ext/commands/bot.py", line 962, in _load_from_module_spec
    spec.loader.exec_module(lib)  # type: ignore
    ~~~~~~~~~~~~~~~~~~~~~~~^^^^^
  File "<frozen importlib._bootstrap_external>", line 1019, in exec_module
  File "<frozen importlib._bootstrap_external>", line 1157, in get_code
  File "<frozen importlib._bootstrap_external>", line 1087, in source_to_code
  File "<frozen importlib._bootstrap>", line 488, in _call_with_frames_removed
  File "/data/data/com.termux/files/home/Econonelo/rpbot/cogs/corrupcao.py", line 51
    salvar_estado("suborno", str(resultado["corrupcao_id"]), {
                 ^
SyntaxError: '(' was never closed

The above exception was the direct cause of the following exception:

Traceback (most recent call last):
  File "/data/data/com.termux/files/home/Econonelo/rpbot/bot.py", line 84, in main
    await bot.load_extension(cog)
  File "/data/data/com.termux/files/usr/lib/python3.13/site-packages/discord/ext/commands/bot.py", line 1040, in load_extension
    await self._load_from_module_spec(spec, name)
  File "/data/data/com.termux/files/usr/lib/python3.13/site-packages/discord/ext/commands/bot.py", line 965, in _load_from_module_spec
    raise errors.ExtensionFailed(key, e) from e
discord.ext.commands.errors.ExtensionFailed: Extension 'cogs.corrupcao' raised an error: SyntaxError: '(' was never closed (corrupcao.py, line 51)

2026-07-31 15:17:57 | INFO | Cog carregada: cogs.concursos
2026-07-31 15:17:57 | INFO | Cog carregada: cogs.aulas
2026-07-31 15:17:57 | INFO | Cog carregada: cogs.empresas
2026-07-31 15:18:00 | INFO | Bot conectado como Econonelo RP#9444 (ID: 1532558409356939284)
2026-07-31 15:18:00 | INFO | Prefixo ativo: ?
2026-07-31 15:18:00 | INFO | ACAO | STATUS_MODIFICADO | personagem_id=1 campo=fome delta=-120 novo=0
2026-07-31 15:18:00 | INFO | ACAO | STATUS_MODIFICADO | personagem_id=1 campo=energia delta=-72 novo=28
2026-07-31 15:18:00 | INFO | ACAO | STATUS_MODIFICADO | personagem_id=1 campo=higiene delta=-48 novo=52
2026-07-31 15:18:00 | INFO | ACAO | STATUS_MODIFICADO | personagem_id=1 campo=felicidade delta=-24 novo=76
2026-07-31 15:18:00 | INFO | ACAO | DETERIORACAO_GLOBAL | afetados=1
2026-07-31 15:18:00 | INFO | Deterioração aplicada em 1 personagens
2026-07-31 15:27:58 | INFO | ACAO | BOT_INICIANDO | carregando banco e cogs
2026-07-31 15:27:58 | INFO | ACAO | BANCO_INICIADO | schema_version=18
2026-07-31 15:27:58 | INFO | Cog carregada: cogs.personagem
2026-07-31 15:27:58 | INFO | Cog carregada: cogs.familia
2026-07-31 15:27:59 | INFO | Cog carregada: cogs.oab
2026-07-31 15:27:59 | INFO | Cog carregada: cogs.provas
2026-07-31 15:27:59 | INFO | Cog carregada: cogs.emergencia
2026-07-31 15:27:59 | INFO | Cog carregada: cogs.profissoes
2026-07-31 15:27:59 | ERROR | Falha ao carregar cog cogs.tarefas: Extension 'cogs.tarefas' could not be loaded or found.
2026-07-31 15:27:59 | ERROR | Traceback (most recent call last):
  File "/data/data/com.termux/files/home/Econonelo/rpbot/bot.py", line 84, in main
    await bot.load_extension(cog)
  File "/data/data/com.termux/files/usr/lib/python3.13/site-packages/discord/ext/commands/bot.py", line 1038, in load_extension
    raise errors.ExtensionNotFound(name)
discord.ext.commands.errors.ExtensionNotFound: Extension 'cogs.tarefas' could not be loaded or found.

2026-07-31 15:27:59 | INFO | Cog carregada: cogs.economia
2026-07-31 15:27:59 | INFO | Cog carregada: cogs.eventos
2026-07-31 15:27:59 | INFO | Cog carregada: cogs.ajuda
2026-07-31 15:27:59 | INFO | Cog carregada: cogs.status
2026-07-31 15:27:59 | INFO | Cog carregada: cogs.acoes
2026-07-31 15:27:59 | INFO | Cog carregada: cogs.inventario
2026-07-31 15:27:59 | INFO | Cog carregada: cogs.npcs
2026-07-31 15:27:59 | INFO | Cog carregada: cogs.casas
2026-07-31 15:27:59 | INFO | Cog carregada: cogs.veiculos
2026-07-31 15:27:59 | INFO | Cog carregada: cogs.locais
2026-07-31 15:27:59 | INFO | Cog carregada: cogs.balanceamento
2026-07-31 15:27:59 | INFO | Cog carregada: cogs.minigames
2026-07-31 15:27:59 | INFO | Cog carregada: cogs.justica
2026-07-31 15:27:59 | INFO | Cog carregada: cogs.educacao
2026-07-31 15:27:59 | INFO | Cog carregada: cogs.ia_mundo
2026-07-31 15:27:59 | ERROR | Falha ao carregar cog cogs.profissional: Extension 'cogs.profissional' raised an error: CommandRegistrationError: The command comandos is already an existing command or alias.
2026-07-31 15:27:59 | ERROR | Traceback (most recent call last):
  File "/data/data/com.termux/files/usr/lib/python3.13/site-packages/discord/ext/commands/bot.py", line 974, in _load_from_module_spec
    await setup(self)
  File "/data/data/com.termux/files/home/Econonelo/rpbot/cogs/profissional.py", line 115, in setup
    await bot.add_cog(Profissional(bot))
  File "/data/data/com.termux/files/usr/lib/python3.13/site-packages/discord/ext/commands/bot.py", line 810, in add_cog
    cog = await cog._inject(self, override=override, guild=guild, guilds=guilds)
          ^^^^^^^^^^^^^^^^^^^^^^^^^^^^^^^^^^^^^^^^^^^^^^^^^^^^^^^^^^^^^^^^^^^^^^
  File "/data/data/com.termux/files/usr/lib/python3.13/site-packages/discord/ext/commands/cog.py", line 729, in _inject
    raise e
  File "/data/data/com.termux/files/usr/lib/python3.13/site-packages/discord/ext/commands/cog.py", line 720, in _inject
    bot.add_command(command)
    ~~~~~~~~~~~~~~~^^^^^^^^^
  File "/data/data/com.termux/files/usr/lib/python3.13/site-packages/discord/ext/commands/bot.py", line 264, in add_command
    super().add_command(command)
    ~~~~~~~~~~~~~~~~~~~^^^^^^^^^
  File "/data/data/com.termux/files/usr/lib/python3.13/site-packages/discord/ext/commands/core.py", line 1391, in add_command
    raise CommandRegistrationError(command.name)
discord.ext.commands.errors.CommandRegistrationError: The command comandos is already an existing command or alias.

The above exception was the direct cause of the following exception:

Traceback (most recent call last):
  File "/data/data/com.termux/files/home/Econonelo/rpbot/bot.py", line 84, in main
    await bot.load_extension(cog)
  File "/data/data/com.termux/files/usr/lib/python3.13/site-packages/discord/ext/commands/bot.py", line 1040, in load_extension
    await self._load_from_module_spec(spec, name)
  File "/data/data/com.termux/files/usr/lib/python3.13/site-packages/discord/ext/commands/bot.py", line 979, in _load_from_module_spec
    raise errors.ExtensionFailed(key, e) from e
discord.ext.commands.errors.ExtensionFailed: Extension 'cogs.profissional' raised an error: CommandRegistrationError: The command comandos is already an existing command or alias.

2026-07-31 15:27:59 | INFO | Cog carregada: cogs.editar
2026-07-31 15:27:59 | INFO | Cog carregada: cogs.comandos_exclusivos
2026-07-31 15:27:59 | INFO | Cog carregada: cogs.corrupcao
2026-07-31 15:27:59 | INFO | Cog carregada: cogs.concursos
2026-07-31 15:27:59 | INFO | Cog carregada: cogs.aulas
2026-07-31 15:27:59 | INFO | Cog carregada: cogs.empresas
2026-07-31 15:28:02 | INFO | Bot conectado como Econonelo RP#9444 (ID: 1532558409356939284)
2026-07-31 15:28:02 | INFO | Prefixo ativo: ?
2026-07-31 15:30:53 | INFO | ACAO | BOT_INICIANDO | carregando banco e cogs
2026-07-31 15:30:53 | INFO | ACAO | BANCO_INICIADO | schema_version=18
2026-07-31 15:30:53 | INFO | Cog carregada: cogs.personagem
2026-07-31 15:30:53 | INFO | Cog carregada: cogs.familia
2026-07-31 15:30:54 | INFO | Cog carregada: cogs.oab
2026-07-31 15:30:54 | INFO | Cog carregada: cogs.provas
2026-07-31 15:30:54 | INFO | Cog carregada: cogs.emergencia
2026-07-31 15:30:54 | INFO | Cog carregada: cogs.profissoes
2026-07-31 15:30:54 | INFO | Cog carregada: cogs.economia
2026-07-31 15:30:54 | INFO | Cog carregada: cogs.eventos
2026-07-31 15:30:54 | INFO | Cog carregada: cogs.ajuda
2026-07-31 15:30:54 | INFO | Cog carregada: cogs.status
2026-07-31 15:30:54 | INFO | Cog carregada: cogs.acoes
2026-07-31 15:30:54 | INFO | Cog carregada: cogs.inventario
2026-07-31 15:30:54 | INFO | Cog carregada: cogs.npcs
2026-07-31 15:30:54 | INFO | Cog carregada: cogs.casas
2026-07-31 15:30:54 | INFO | Cog carregada: cogs.veiculos
2026-07-31 15:30:54 | INFO | Cog carregada: cogs.locais
2026-07-31 15:30:54 | INFO | Cog carregada: cogs.balanceamento
2026-07-31 15:30:54 | INFO | Cog carregada: cogs.minigames
2026-07-31 15:30:54 | INFO | Cog carregada: cogs.justica
2026-07-31 15:30:54 | INFO | Cog carregada: cogs.educacao
2026-07-31 15:30:54 | INFO | Cog carregada: cogs.ia_mundo
2026-07-31 15:30:54 | INFO | Cog carregada: cogs.profissional
2026-07-31 15:30:54 | INFO | Cog carregada: cogs.editar
2026-07-31 15:30:54 | INFO | Cog carregada: cogs.comandos_exclusivos
2026-07-31 15:30:54 | INFO | Cog carregada: cogs.corrupcao
2026-07-31 15:30:54 | INFO | Cog carregada: cogs.concursos
2026-07-31 15:30:54 | INFO | Cog carregada: cogs.aulas
2026-07-31 15:30:54 | INFO | Cog carregada: cogs.empresas
2026-07-31 15:30:58 | INFO | Bot conectado como Econonelo RP#9444 (ID: 1532558409356939284)
2026-07-31 15:30:58 | INFO | Prefixo ativo: ?
2026-07-31 15:32:43 | INFO | ACAO | BOT_INICIANDO | carregando banco e cogs
2026-07-31 15:32:43 | INFO | ACAO | BANCO_INICIADO | schema_version=18
2026-07-31 15:32:43 | INFO | Cog carregada: cogs.personagem
2026-07-31 15:32:43 | INFO | Cog carregada: cogs.familia
2026-07-31 15:32:43 | INFO | Cog carregada: cogs.oab
2026-07-31 15:32:43 | INFO | Cog carregada: cogs.provas
2026-07-31 15:32:43 | INFO | Cog carregada: cogs.emergencia
2026-07-31 15:32:43 | INFO | Cog carregada: cogs.profissoes
2026-07-31 15:32:43 | INFO | Cog carregada: cogs.economia
2026-07-31 15:32:43 | INFO | Cog carregada: cogs.eventos
2026-07-31 15:32:43 | INFO | Cog carregada: cogs.ajuda
2026-07-31 15:32:43 | INFO | Cog carregada: cogs.status
2026-07-31 15:32:43 | INFO | Cog carregada: cogs.acoes
2026-07-31 15:32:43 | INFO | Cog carregada: cogs.inventario
2026-07-31 15:32:43 | INFO | Cog carregada: cogs.npcs
2026-07-31 15:32:43 | INFO | Cog carregada: cogs.casas
2026-07-31 15:32:43 | INFO | Cog carregada: cogs.veiculos
2026-07-31 15:32:43 | INFO | Cog carregada: cogs.locais
2026-07-31 15:32:43 | INFO | Cog carregada: cogs.balanceamento
2026-07-31 15:32:43 | INFO | Cog carregada: cogs.minigames
2026-07-31 15:32:43 | INFO | Cog carregada: cogs.justica
2026-07-31 15:32:43 | INFO | Cog carregada: cogs.educacao
2026-07-31 15:32:43 | INFO | Cog carregada: cogs.ia_mundo
2026-07-31 15:32:43 | INFO | Cog carregada: cogs.profissional
2026-07-31 15:32:43 | INFO | Cog carregada: cogs.editar
2026-07-31 15:32:43 | INFO | Cog carregada: cogs.comandos_exclusivos
2026-07-31 15:32:43 | INFO | Cog carregada: cogs.corrupcao
2026-07-31 15:32:43 | INFO | Cog carregada: cogs.concursos
2026-07-31 15:32:43 | INFO | Cog carregada: cogs.aulas
2026-07-31 15:32:43 | INFO | Cog carregada: cogs.empresas
2026-07-31 15:32:48 | INFO | Bot conectado como Econonelo RP#9444 (ID: 1532558409356939284)
2026-07-31 15:32:48 | INFO | Prefixo ativo: ?
2026-07-31 15:33:39 | ERROR | Erro no comando universidades (user=501786436425744387): Command raised an exception: OperationalError: no such table: cursos
2026-07-31 15:33:39 | ERROR | NoneType: None

2026-07-31 15:33:39 | INFO | ACAO | ERRO_COMANDO | cmd=universidades user=501786436425744387 error=Command raised an exception: OperationalError: no such table: cursos
2026-07-31 15:38:56 | INFO | ACAO | BOT_INICIANDO | carregando banco e cogs
2026-07-31 15:38:56 | INFO | ACAO | BANCO_INICIADO | schema_version=18
2026-07-31 15:38:56 | INFO | Cog carregada: cogs.personagem
2026-07-31 15:38:56 | INFO | Cog carregada: cogs.familia
2026-07-31 15:38:56 | INFO | Cog carregada: cogs.oab
2026-07-31 15:38:56 | INFO | Cog carregada: cogs.provas
2026-07-31 15:38:56 | INFO | Cog carregada: cogs.emergencia
2026-07-31 15:38:56 | INFO | Cog carregada: cogs.profissoes
2026-07-31 15:38:57 | INFO | Cog carregada: cogs.economia
2026-07-31 15:38:57 | INFO | Cog carregada: cogs.eventos
2026-07-31 15:38:57 | INFO | Cog carregada: cogs.ajuda
2026-07-31 15:38:57 | INFO | Cog carregada: cogs.status
2026-07-31 15:38:57 | INFO | Cog carregada: cogs.acoes
2026-07-31 15:38:57 | INFO | Cog carregada: cogs.inventario
2026-07-31 15:38:57 | INFO | Cog carregada: cogs.npcs
2026-07-31 15:38:57 | INFO | Cog carregada: cogs.casas
2026-07-31 15:38:57 | INFO | Cog carregada: cogs.veiculos
2026-07-31 15:38:57 | INFO | Cog carregada: cogs.locais
2026-07-31 15:38:57 | INFO | Cog carregada: cogs.balanceamento
2026-07-31 15:38:57 | INFO | Cog carregada: cogs.minigames
2026-07-31 15:38:57 | INFO | Cog carregada: cogs.justica
2026-07-31 15:38:57 | INFO | Cog carregada: cogs.educacao
2026-07-31 15:38:57 | INFO | Cog carregada: cogs.ia_mundo
2026-07-31 15:38:57 | INFO | Cog carregada: cogs.profissional
2026-07-31 15:38:57 | INFO | Cog carregada: cogs.editar
2026-07-31 15:38:57 | INFO | Cog carregada: cogs.comandos_exclusivos
2026-07-31 15:38:57 | INFO | Cog carregada: cogs.corrupcao
2026-07-31 15:38:57 | INFO | Cog carregada: cogs.concursos
2026-07-31 15:38:57 | INFO | Cog carregada: cogs.aulas
2026-07-31 15:38:57 | INFO | Cog carregada: cogs.empresas
2026-07-31 15:39:01 | INFO | Bot conectado como Econonelo RP#9444 (ID: 1532558409356939284)
2026-07-31 15:39:01 | INFO | Prefixo ativo: ?
2026-07-31 15:41:48 | INFO | ACAO | CURSO_CRIADO | id=1 nome=Medicina univ=USP
2026-07-31 15:41:48 | INFO | ACAO | CURSO_CRIADO | id=2 nome=Direito univ=USP
2026-07-31 15:41:48 | INFO | ACAO | CURSO_CRIADO | id=3 nome=Engenharia univ=USP
2026-07-31 15:41:48 | INFO | ACAO | CURSO_CRIADO | id=4 nome=Administração univ=USP
2026-07-31 15:41:48 | INFO | ACAO | CURSO_CRIADO | id=5 nome=Psicologia univ=USP
2026-07-31 15:41:48 | INFO | ACAO | CURSO_CRIADO | id=6 nome=Ciência da Computação univ=USP
2026-07-31 15:41:48 | INFO | ACAO | CURSO_CRIADO | id=7 nome=Medicina univ=UFRJ
2026-07-31 15:41:48 | INFO | ACAO | CURSO_CRIADO | id=8 nome=Arquitetura univ=UFRJ
2026-07-31 15:41:48 | INFO | ACAO | CURSO_CRIADO | id=9 nome=Jornalismo univ=UFRJ
2026-07-31 15:41:48 | INFO | ACAO | CURSO_CRIADO | id=10 nome=Engenharia Civil univ=UFMG
2026-07-31 15:41:48 | INFO | ACAO | CURSO_CRIADO | id=11 nome=Economia univ=UFMG
2026-07-31 15:41:48 | INFO | ACAO | CURSO_CRIADO | id=12 nome=Odontologia univ=UFMG
2026-07-31 15:41:48 | INFO | ACAO | CURSO_CRIADO | id=13 nome=Medicina Veterinária univ=UFPR
2026-07-31 15:41:48 | INFO | ACAO | CURSO_CRIADO | id=14 nome=Biologia univ=UFPR
2026-07-31 15:41:48 | INFO | ACAO | CURSO_CRIADO | id=15 nome=Física univ=UFRGS
2026-07-31 15:41:48 | INFO | ACAO | CURSO_CRIADO | id=16 nome=Química univ=UFRGS
2026-07-31 15:41:48 | INFO | ACAO | CURSO_CRIADO | id=17 nome=Artes Cênicas univ=UFBA
2026-07-31 15:41:48 | INFO | ACAO | CURSO_CRIADO | id=18 nome=Serviço Social univ=UFBA
2026-07-31 15:41:48 | INFO | ACAO | CURSO_CRIADO | id=19 nome=MBA Executivo univ=FGV
2026-07-31 15:41:48 | INFO | ACAO | CURSO_CRIADO | id=20 nome=Mestrado em Direito univ=USP
2026-07-31 15:41:48 | INFO | ACAO | CURSO_CRIADO | id=21 nome=Especialização em Cardiologia univ=USP
2026-07-31 15:41:48 | INFO | ACAO | CURSO_CRIADO | id=22 nome=Doutorado em Computação univ=USP
2026-07-31 15:41:48 | INFO | ACAO | CURSOS_POPULADOS | total=22
2026-07-31 15:42:19 | INFO | ACAO | BOT_INICIANDO | carregando banco e cogs
2026-07-31 15:42:19 | INFO | ACAO | BANCO_INICIADO | schema_version=18
2026-07-31 15:42:19 | INFO | Cog carregada: cogs.personagem
2026-07-31 15:42:19 | INFO | Cog carregada: cogs.familia
2026-07-31 15:42:20 | INFO | Cog carregada: cogs.oab
2026-07-31 15:42:20 | INFO | Cog carregada: cogs.provas
2026-07-31 15:42:20 | INFO | Cog carregada: cogs.emergencia
2026-07-31 15:42:20 | INFO | Cog carregada: cogs.profissoes
2026-07-31 15:42:20 | INFO | Cog carregada: cogs.economia
2026-07-31 15:42:20 | INFO | Cog carregada: cogs.eventos
2026-07-31 15:42:20 | INFO | Cog carregada: cogs.ajuda
2026-07-31 15:42:20 | INFO | Cog carregada: cogs.status
2026-07-31 15:42:20 | INFO | Cog carregada: cogs.acoes
2026-07-31 15:42:20 | INFO | Cog carregada: cogs.inventario
2026-07-31 15:42:20 | INFO | Cog carregada: cogs.npcs
2026-07-31 15:42:20 | INFO | Cog carregada: cogs.casas
2026-07-31 15:42:20 | INFO | Cog carregada: cogs.veiculos
2026-07-31 15:42:20 | INFO | Cog carregada: cogs.locais
2026-07-31 15:42:20 | INFO | Cog carregada: cogs.balanceamento
2026-07-31 15:42:20 | INFO | Cog carregada: cogs.minigames
2026-07-31 15:42:20 | INFO | Cog carregada: cogs.justica
2026-07-31 15:42:20 | INFO | Cog carregada: cogs.educacao
2026-07-31 15:42:20 | INFO | Cog carregada: cogs.ia_mundo
2026-07-31 15:42:20 | INFO | Cog carregada: cogs.profissional
2026-07-31 15:42:20 | INFO | Cog carregada: cogs.editar
2026-07-31 15:42:20 | INFO | Cog carregada: cogs.comandos_exclusivos
2026-07-31 15:42:20 | INFO | Cog carregada: cogs.corrupcao
2026-07-31 15:42:20 | INFO | Cog carregada: cogs.concursos
2026-07-31 15:42:20 | INFO | Cog carregada: cogs.aulas
2026-07-31 15:42:20 | INFO | Cog carregada: cogs.empresas
2026-07-31 15:42:24 | INFO | Bot conectado como Econonelo RP#9444 (ID: 1532558409356939284)
2026-07-31 15:42:24 | INFO | Prefixo ativo: ?
2026-07-31 16:13:01 | INFO | ACAO | ESTADO_MUNDO_ATUALIZADO | estacao = Primavera
2026-07-31 16:53:47 | INFO | ACAO | BOT_INICIANDO | carregando banco e cogs
2026-07-31 16:53:47 | INFO | ACAO | MIGRACAO_V19 | Imersão: Estado Atual e Viagens
2026-07-31 16:53:47 | INFO | ACAO | BANCO_INICIADO | schema_version=19
2026-07-31 16:53:47 | INFO | Cog carregada: cogs.personagem
2026-07-31 16:53:47 | INFO | Cog carregada: cogs.familia
2026-07-31 16:53:48 | INFO | Cog carregada: cogs.oab
2026-07-31 16:53:48 | INFO | Cog carregada: cogs.provas
2026-07-31 16:53:48 | INFO | Cog carregada: cogs.emergencia
2026-07-31 16:53:48 | INFO | Cog carregada: cogs.profissoes
2026-07-31 16:53:48 | INFO | Cog carregada: cogs.economia
2026-07-31 16:53:48 | INFO | Cog carregada: cogs.eventos
2026-07-31 16:53:48 | INFO | Cog carregada: cogs.ajuda
2026-07-31 16:53:48 | INFO | Cog carregada: cogs.status
2026-07-31 16:53:48 | INFO | Cog carregada: cogs.acoes
2026-07-31 16:53:48 | INFO | Cog carregada: cogs.inventario
2026-07-31 16:53:48 | INFO | Cog carregada: cogs.npcs
2026-07-31 16:53:48 | INFO | Cog carregada: cogs.casas
2026-07-31 16:53:48 | INFO | Cog carregada: cogs.veiculos
2026-07-31 16:53:48 | INFO | Cog carregada: cogs.locais
2026-07-31 16:53:48 | INFO | Cog carregada: cogs.balanceamento
2026-07-31 16:53:48 | INFO | Cog carregada: cogs.minigames
2026-07-31 16:53:48 | INFO | Cog carregada: cogs.justica
2026-07-31 16:53:48 | INFO | Cog carregada: cogs.educacao
2026-07-31 16:53:48 | INFO | Cog carregada: cogs.ia_mundo
2026-07-31 16:53:48 | INFO | Cog carregada: cogs.profissional
2026-07-31 16:53:48 | INFO | Cog carregada: cogs.editar
2026-07-31 16:53:48 | INFO | Cog carregada: cogs.comandos_exclusivos
2026-07-31 16:53:48 | INFO | Cog carregada: cogs.corrupcao
2026-07-31 16:53:48 | INFO | Cog carregada: cogs.concursos
2026-07-31 16:53:48 | INFO | Cog carregada: cogs.aulas
2026-07-31 16:53:48 | INFO | Cog carregada: cogs.empresas
2026-07-31 16:53:48 | ERROR | Falha ao carregar cog cogs.viagem: Extension 'cogs.viagem' raised an error: SyntaxError: unterminated f-string literal (detected at line 127) (viagem.py, line 127)
2026-07-31 16:53:48 | ERROR | Traceback (most recent call last):
  File "/data/data/com.termux/files/usr/lib/python3.13/site-packages/discord/ext/commands/bot.py", line 962, in _load_from_module_spec
    spec.loader.exec_module(lib)  # type: ignore
    ~~~~~~~~~~~~~~~~~~~~~~~^^^^^
  File "<frozen importlib._bootstrap_external>", line 1019, in exec_module
  File "<frozen importlib._bootstrap_external>", line 1157, in get_code
  File "<frozen importlib._bootstrap_external>", line 1087, in source_to_code
  File "<frozen importlib._bootstrap>", line 488, in _call_with_frames_removed
  File "/data/data/com.termux/files/home/Econonelo/rpbot/cogs/viagem.py", line 127
    embed.description = f"**Aeroporto:** {estado_info.get('aeroporto', 'N/A')}
                        ^
SyntaxError: unterminated f-string literal (detected at line 127)

The above exception was the direct cause of the following exception:

Traceback (most recent call last):
  File "/data/data/com.termux/files/home/Econonelo/rpbot/bot.py", line 132, in main
    await bot.load_extension(cog)
  File "/data/data/com.termux/files/usr/lib/python3.13/site-packages/discord/ext/commands/bot.py", line 1040, in load_extension
    await self._load_from_module_spec(spec, name)
  File "/data/data/com.termux/files/usr/lib/python3.13/site-packages/discord/ext/commands/bot.py", line 965, in _load_from_module_spec
    raise errors.ExtensionFailed(key, e) from e
discord.ext.commands.errors.ExtensionFailed: Extension 'cogs.viagem' raised an error: SyntaxError: unterminated f-string literal (detected at line 127) (viagem.py, line 127)

2026-07-31 16:53:48 | INFO | Cog carregada: cogs.relacionamentos
2026-07-31 16:53:48 | INFO | Cog carregada: cogs.delivery
2026-07-31 16:53:48 | ERROR | Falha ao carregar cog cogs.ia_empresas: Extension 'cogs.ia_empresas' raised an error: CommandRegistrationError: The alias empresa is already an existing command or alias.
2026-07-31 16:53:48 | ERROR | Traceback (most recent call last):
  File "/data/data/com.termux/files/usr/lib/python3.13/site-packages/discord/ext/commands/bot.py", line 974, in _load_from_module_spec
    await setup(self)
  File "/data/data/com.termux/files/home/Econonelo/rpbot/cogs/ia_empresas.py", line 117, in setup
    await bot.add_cog(IAEmpresas(bot))
  File "/data/data/com.termux/files/usr/lib/python3.13/site-packages/discord/ext/commands/bot.py", line 810, in add_cog
    cog = await cog._inject(self, override=override, guild=guild, guilds=guilds)
          ^^^^^^^^^^^^^^^^^^^^^^^^^^^^^^^^^^^^^^^^^^^^^^^^^^^^^^^^^^^^^^^^^^^^^^
  File "/data/data/com.termux/files/usr/lib/python3.13/site-packages/discord/ext/commands/cog.py", line 729, in _inject
    raise e
  File "/data/data/com.termux/files/usr/lib/python3.13/site-packages/discord/ext/commands/cog.py", line 720, in _inject
    bot.add_command(command)
    ~~~~~~~~~~~~~~~^^^^^^^^^
  File "/data/data/com.termux/files/usr/lib/python3.13/site-packages/discord/ext/commands/bot.py", line 264, in add_command
    super().add_command(command)
    ~~~~~~~~~~~~~~~~~~~^^^^^^^^^
  File "/data/data/com.termux/files/usr/lib/python3.13/site-packages/discord/ext/commands/core.py", line 1397, in add_command
    raise CommandRegistrationError(alias, alias_conflict=True)
discord.ext.commands.errors.CommandRegistrationError: The alias empresa is already an existing command or alias.

The above exception was the direct cause of the following exception:

Traceback (most recent call last):
  File "/data/data/com.termux/files/home/Econonelo/rpbot/bot.py", line 132, in main
    await bot.load_extension(cog)
  File "/data/data/com.termux/files/usr/lib/python3.13/site-packages/discord/ext/commands/bot.py", line 1040, in load_extension
    await self._load_from_module_spec(spec, name)
  File "/data/data/com.termux/files/usr/lib/python3.13/site-packages/discord/ext/commands/bot.py", line 979, in _load_from_module_spec
    raise errors.ExtensionFailed(key, e) from e
discord.ext.commands.errors.ExtensionFailed: Extension 'cogs.ia_empresas' raised an error: CommandRegistrationError: The alias empresa is already an existing command or alias.

2026-07-31 16:53:48 | INFO | Cog carregada: cogs.clima
2026-07-31 16:53:48 | INFO | Cog carregada: cogs.cpf
2026-07-31 16:53:48 | INFO | Cog carregada: cogs.heranca
2026-07-31 16:53:48 | ERROR | Falha ao carregar cog cogs.menu: Extension 'cogs.menu' raised an error: CommandRegistrationError: The command menu is already an existing command or alias.
2026-07-31 16:53:48 | ERROR | Traceback (most recent call last):
  File "/data/data/com.termux/files/usr/lib/python3.13/site-packages/discord/ext/commands/bot.py", line 974, in _load_from_module_spec
    await setup(self)
  File "/data/data/com.termux/files/home/Econonelo/rpbot/cogs/menu.py", line 86, in setup
    await bot.add_cog(Menu(bot))
  File "/data/data/com.termux/files/usr/lib/python3.13/site-packages/discord/ext/commands/bot.py", line 810, in add_cog
    cog = await cog._inject(self, override=override, guild=guild, guilds=guilds)
          ^^^^^^^^^^^^^^^^^^^^^^^^^^^^^^^^^^^^^^^^^^^^^^^^^^^^^^^^^^^^^^^^^^^^^^
  File "/data/data/com.termux/files/usr/lib/python3.13/site-packages/discord/ext/commands/cog.py", line 729, in _inject
    raise e
  File "/data/data/com.termux/files/usr/lib/python3.13/site-packages/discord/ext/commands/cog.py", line 720, in _inject
    bot.add_command(command)
    ~~~~~~~~~~~~~~~^^^^^^^^^
  File "/data/data/com.termux/files/usr/lib/python3.13/site-packages/discord/ext/commands/bot.py", line 264, in add_command
    super().add_command(command)
    ~~~~~~~~~~~~~~~~~~~^^^^^^^^^
  File "/data/data/com.termux/files/usr/lib/python3.13/site-packages/discord/ext/commands/core.py", line 1391, in add_command
    raise CommandRegistrationError(command.name)
discord.ext.commands.errors.CommandRegistrationError: The command menu is already an existing command or alias.

The above exception was the direct cause of the following exception:

Traceback (most recent call last):
  File "/data/data/com.termux/files/home/Econonelo/rpbot/bot.py", line 132, in main
    await bot.load_extension(cog)
  File "/data/data/com.termux/files/usr/lib/python3.13/site-packages/discord/ext/commands/bot.py", line 1040, in load_extension
    await self._load_from_module_spec(spec, name)
  File "/data/data/com.termux/files/usr/lib/python3.13/site-packages/discord/ext/commands/bot.py", line 979, in _load_from_module_spec
    raise errors.ExtensionFailed(key, e) from e
discord.ext.commands.errors.ExtensionFailed: Extension 'cogs.menu' raised an error: CommandRegistrationError: The command menu is already an existing command or alias.

2026-07-31 16:53:48 | ERROR | Falha ao carregar cog cogs.agressao: Extension 'cogs.agressao' raised an error: CommandRegistrationError: The alias atender is already an existing command or alias.
2026-07-31 16:53:48 | ERROR | Traceback (most recent call last):
  File "/data/data/com.termux/files/usr/lib/python3.13/site-packages/discord/ext/commands/bot.py", line 974, in _load_from_module_spec
    await setup(self)
  File "/data/data/com.termux/files/home/Econonelo/rpbot/cogs/agressao.py", line 259, in setup
    await bot.add_cog(Agressao(bot))
  File "/data/data/com.termux/files/usr/lib/python3.13/site-packages/discord/ext/commands/bot.py", line 810, in add_cog
    cog = await cog._inject(self, override=override, guild=guild, guilds=guilds)
          ^^^^^^^^^^^^^^^^^^^^^^^^^^^^^^^^^^^^^^^^^^^^^^^^^^^^^^^^^^^^^^^^^^^^^^
  File "/data/data/com.termux/files/usr/lib/python3.13/site-packages/discord/ext/commands/cog.py", line 729, in _inject
    raise e
  File "/data/data/com.termux/files/usr/lib/python3.13/site-packages/discord/ext/commands/cog.py", line 720, in _inject
    bot.add_command(command)
    ~~~~~~~~~~~~~~~^^^^^^^^^
  File "/data/data/com.termux/files/usr/lib/python3.13/site-packages/discord/ext/commands/bot.py", line 264, in add_command
    super().add_command(command)
    ~~~~~~~~~~~~~~~~~~~^^^^^^^^^
  File "/data/data/com.termux/files/usr/lib/python3.13/site-packages/discord/ext/commands/core.py", line 1397, in add_command
    raise CommandRegistrationError(alias, alias_conflict=True)
discord.ext.commands.errors.CommandRegistrationError: The alias atender is already an existing command or alias.

The above exception was the direct cause of the following exception:

Traceback (most recent call last):
  File "/data/data/com.termux/files/home/Econonelo/rpbot/bot.py", line 132, in main
    await bot.load_extension(cog)
  File "/data/data/com.termux/files/usr/lib/python3.13/site-packages/discord/ext/commands/bot.py", line 1040, in load_extension
    await self._load_from_module_spec(spec, name)
  File "/data/data/com.termux/files/usr/lib/python3.13/site-packages/discord/ext/commands/bot.py", line 979, in _load_from_module_spec
    raise errors.ExtensionFailed(key, e) from e
discord.ext.commands.errors.ExtensionFailed: Extension 'cogs.agressao' raised an error: CommandRegistrationError: The alias atender is already an existing command or alias.

2026-07-31 16:53:48 | INFO | Cog carregada: cogs.acao_privada
2026-07-31 16:53:48 | INFO | Cog carregada: cogs.news
2026-07-31 16:53:54 | INFO | Bot conectado como Econonelo RP#9444 (ID: 1532558409356939284)
2026-07-31 16:53:54 | INFO | Prefixo ativo: ?
2026-07-31 16:55:45 | INFO | ACAO | PROFISSAO_DEFINIDA | personagem_id=1 profissao=
2026-07-31 17:03:44 | INFO | ACAO | BOT_INICIANDO | carregando banco e cogs
2026-07-31 17:03:44 | INFO | ACAO | BANCO_INICIADO | schema_version=19
2026-07-31 17:03:44 | INFO | Cog carregada: cogs.personagem
2026-07-31 17:03:44 | INFO | Cog carregada: cogs.familia
2026-07-31 17:03:44 | INFO | Cog carregada: cogs.oab
2026-07-31 17:03:44 | INFO | Cog carregada: cogs.provas
2026-07-31 17:03:44 | INFO | Cog carregada: cogs.emergencia
2026-07-31 17:03:44 | INFO | Cog carregada: cogs.profissoes
2026-07-31 17:03:44 | INFO | Cog carregada: cogs.economia
2026-07-31 17:03:44 | INFO | Cog carregada: cogs.eventos
2026-07-31 17:03:44 | INFO | Cog carregada: cogs.ajuda
2026-07-31 17:03:44 | INFO | Cog carregada: cogs.status
2026-07-31 17:03:44 | INFO | Cog carregada: cogs.acoes
2026-07-31 17:03:44 | INFO | Cog carregada: cogs.inventario
2026-07-31 17:03:44 | INFO | Cog carregada: cogs.npcs
2026-07-31 17:03:44 | INFO | Cog carregada: cogs.casas
2026-07-31 17:03:44 | INFO | Cog carregada: cogs.veiculos
2026-07-31 17:03:44 | INFO | Cog carregada: cogs.locais
2026-07-31 17:03:44 | INFO | Cog carregada: cogs.balanceamento
2026-07-31 17:03:44 | INFO | Cog carregada: cogs.minigames
2026-07-31 17:03:44 | INFO | Cog carregada: cogs.justica
2026-07-31 17:03:44 | INFO | Cog carregada: cogs.educacao
2026-07-31 17:03:44 | INFO | Cog carregada: cogs.ia_mundo
2026-07-31 17:03:44 | INFO | Cog carregada: cogs.profissional
2026-07-31 17:03:44 | INFO | Cog carregada: cogs.editar
2026-07-31 17:03:44 | INFO | Cog carregada: cogs.comandos_exclusivos
2026-07-31 17:03:44 | INFO | Cog carregada: cogs.corrupcao
2026-07-31 17:03:44 | INFO | Cog carregada: cogs.concursos
2026-07-31 17:03:44 | INFO | Cog carregada: cogs.aulas
2026-07-31 17:03:44 | INFO | Cog carregada: cogs.empresas
2026-07-31 17:03:44 | ERROR | Falha ao carregar cog cogs.viagem: Extension 'cogs.viagem' raised an error: SyntaxError: unterminated f-string literal (detected at line 127) (viagem.py, line 127)
2026-07-31 17:03:44 | ERROR | Traceback (most recent call last):
  File "/data/data/com.termux/files/usr/lib/python3.13/site-packages/discord/ext/commands/bot.py", line 962, in _load_from_module_spec
    spec.loader.exec_module(lib)  # type: ignore
    ~~~~~~~~~~~~~~~~~~~~~~~^^^^^
  File "<frozen importlib._bootstrap_external>", line 1019, in exec_module
  File "<frozen importlib._bootstrap_external>", line 1157, in get_code
  File "<frozen importlib._bootstrap_external>", line 1087, in source_to_code
  File "<frozen importlib._bootstrap>", line 488, in _call_with_frames_removed
  File "/data/data/com.termux/files/home/Econonelo/rpbot/cogs/viagem.py", line 127
    embed.description = f"**Aeroporto:** {estado_info.get('aeroporto', 'N/A')}
                        ^
SyntaxError: unterminated f-string literal (detected at line 127)

The above exception was the direct cause of the following exception:

Traceback (most recent call last):
  File "/data/data/com.termux/files/home/Econonelo/rpbot/bot.py", line 133, in main
    await bot.load_extension(cog)
  File "/data/data/com.termux/files/usr/lib/python3.13/site-packages/discord/ext/commands/bot.py", line 1040, in load_extension
    await self._load_from_module_spec(spec, name)
  File "/data/data/com.termux/files/usr/lib/python3.13/site-packages/discord/ext/commands/bot.py", line 965, in _load_from_module_spec
    raise errors.ExtensionFailed(key, e) from e
discord.ext.commands.errors.ExtensionFailed: Extension 'cogs.viagem' raised an error: SyntaxError: unterminated f-string literal (detected at line 127) (viagem.py, line 127)

2026-07-31 17:03:44 | INFO | Cog carregada: cogs.relacionamentos
2026-07-31 17:03:44 | INFO | Cog carregada: cogs.delivery
2026-07-31 17:03:44 | ERROR | Falha ao carregar cog cogs.ia_empresas: Extension 'cogs.ia_empresas' raised an error: CommandRegistrationError: The alias empresa is already an existing command or alias.
2026-07-31 17:03:44 | ERROR | Traceback (most recent call last):
  File "/data/data/com.termux/files/usr/lib/python3.13/site-packages/discord/ext/commands/bot.py", line 974, in _load_from_module_spec
    await setup(self)
  File "/data/data/com.termux/files/home/Econonelo/rpbot/cogs/ia_empresas.py", line 117, in setup
    await bot.add_cog(IAEmpresas(bot))
  File "/data/data/com.termux/files/usr/lib/python3.13/site-packages/discord/ext/commands/bot.py", line 810, in add_cog
    cog = await cog._inject(self, override=override, guild=guild, guilds=guilds)
          ^^^^^^^^^^^^^^^^^^^^^^^^^^^^^^^^^^^^^^^^^^^^^^^^^^^^^^^^^^^^^^^^^^^^^^
  File "/data/data/com.termux/files/usr/lib/python3.13/site-packages/discord/ext/commands/cog.py", line 729, in _inject
    raise e
  File "/data/data/com.termux/files/usr/lib/python3.13/site-packages/discord/ext/commands/cog.py", line 720, in _inject
    bot.add_command(command)
    ~~~~~~~~~~~~~~~^^^^^^^^^
  File "/data/data/com.termux/files/usr/lib/python3.13/site-packages/discord/ext/commands/bot.py", line 264, in add_command
    super().add_command(command)
    ~~~~~~~~~~~~~~~~~~~^^^^^^^^^
  File "/data/data/com.termux/files/usr/lib/python3.13/site-packages/discord/ext/commands/core.py", line 1397, in add_command
    raise CommandRegistrationError(alias, alias_conflict=True)
discord.ext.commands.errors.CommandRegistrationError: The alias empresa is already an existing command or alias.

The above exception was the direct cause of the following exception:

Traceback (most recent call last):
  File "/data/data/com.termux/files/home/Econonelo/rpbot/bot.py", line 133, in main
    await bot.load_extension(cog)
  File "/data/data/com.termux/files/usr/lib/python3.13/site-packages/discord/ext/commands/bot.py", line 1040, in load_extension
    await self._load_from_module_spec(spec, name)
  File "/data/data/com.termux/files/usr/lib/python3.13/site-packages/discord/ext/commands/bot.py", line 979, in _load_from_module_spec
    raise errors.ExtensionFailed(key, e) from e
discord.ext.commands.errors.ExtensionFailed: Extension 'cogs.ia_empresas' raised an error: CommandRegistrationError: The alias empresa is already an existing command or alias.

2026-07-31 17:03:44 | INFO | Cog carregada: cogs.clima
2026-07-31 17:03:44 | INFO | Cog carregada: cogs.cpf
2026-07-31 17:03:44 | INFO | Cog carregada: cogs.heranca
2026-07-31 17:03:44 | ERROR | Falha ao carregar cog cogs.menu: Extension 'cogs.menu' raised an error: CommandRegistrationError: The command menu is already an existing command or alias.
2026-07-31 17:03:44 | ERROR | Traceback (most recent call last):
  File "/data/data/com.termux/files/usr/lib/python3.13/site-packages/discord/ext/commands/bot.py", line 974, in _load_from_module_spec
    await setup(self)
  File "/data/data/com.termux/files/home/Econonelo/rpbot/cogs/menu.py", line 86, in setup
    await bot.add_cog(Menu(bot))
  File "/data/data/com.termux/files/usr/lib/python3.13/site-packages/discord/ext/commands/bot.py", line 810, in add_cog
    cog = await cog._inject(self, override=override, guild=guild, guilds=guilds)
          ^^^^^^^^^^^^^^^^^^^^^^^^^^^^^^^^^^^^^^^^^^^^^^^^^^^^^^^^^^^^^^^^^^^^^^
  File "/data/data/com.termux/files/usr/lib/python3.13/site-packages/discord/ext/commands/cog.py", line 729, in _inject
    raise e
  File "/data/data/com.termux/files/usr/lib/python3.13/site-packages/discord/ext/commands/cog.py", line 720, in _inject
    bot.add_command(command)
    ~~~~~~~~~~~~~~~^^^^^^^^^
  File "/data/data/com.termux/files/usr/lib/python3.13/site-packages/discord/ext/commands/bot.py", line 264, in add_command
    super().add_command(command)
    ~~~~~~~~~~~~~~~~~~~^^^^^^^^^
  File "/data/data/com.termux/files/usr/lib/python3.13/site-packages/discord/ext/commands/core.py", line 1391, in add_command
    raise CommandRegistrationError(command.name)
discord.ext.commands.errors.CommandRegistrationError: The command menu is already an existing command or alias.

The above exception was the direct cause of the following exception:

Traceback (most recent call last):
  File "/data/data/com.termux/files/home/Econonelo/rpbot/bot.py", line 133, in main
    await bot.load_extension(cog)
  File "/data/data/com.termux/files/usr/lib/python3.13/site-packages/discord/ext/commands/bot.py", line 1040, in load_extension
    await self._load_from_module_spec(spec, name)
  File "/data/data/com.termux/files/usr/lib/python3.13/site-packages/discord/ext/commands/bot.py", line 979, in _load_from_module_spec
    raise errors.ExtensionFailed(key, e) from e
discord.ext.commands.errors.ExtensionFailed: Extension 'cogs.menu' raised an error: CommandRegistrationError: The command menu is already an existing command or alias.

2026-07-31 17:03:44 | ERROR | Falha ao carregar cog cogs.agressao: Extension 'cogs.agressao' raised an error: CommandRegistrationError: The alias atender is already an existing command or alias.
2026-07-31 17:03:44 | ERROR | Traceback (most recent call last):
  File "/data/data/com.termux/files/usr/lib/python3.13/site-packages/discord/ext/commands/bot.py", line 974, in _load_from_module_spec
    await setup(self)
  File "/data/data/com.termux/files/home/Econonelo/rpbot/cogs/agressao.py", line 259, in setup
    await bot.add_cog(Agressao(bot))
  File "/data/data/com.termux/files/usr/lib/python3.13/site-packages/discord/ext/commands/bot.py", line 810, in add_cog
    cog = await cog._inject(self, override=override, guild=guild, guilds=guilds)
          ^^^^^^^^^^^^^^^^^^^^^^^^^^^^^^^^^^^^^^^^^^^^^^^^^^^^^^^^^^^^^^^^^^^^^^
  File "/data/data/com.termux/files/usr/lib/python3.13/site-packages/discord/ext/commands/cog.py", line 729, in _inject
    raise e
  File "/data/data/com.termux/files/usr/lib/python3.13/site-packages/discord/ext/commands/cog.py", line 720, in _inject
    bot.add_command(command)
    ~~~~~~~~~~~~~~~^^^^^^^^^
  File "/data/data/com.termux/files/usr/lib/python3.13/site-packages/discord/ext/commands/bot.py", line 264, in add_command
    super().add_command(command)
    ~~~~~~~~~~~~~~~~~~~^^^^^^^^^
  File "/data/data/com.termux/files/usr/lib/python3.13/site-packages/discord/ext/commands/core.py", line 1397, in add_command
    raise CommandRegistrationError(alias, alias_conflict=True)
discord.ext.commands.errors.CommandRegistrationError: The alias atender is already an existing command or alias.

The above exception was the direct cause of the following exception:

Traceback (most recent call last):
  File "/data/data/com.termux/files/home/Econonelo/rpbot/bot.py", line 133, in main
    await bot.load_extension(cog)
  File "/data/data/com.termux/files/usr/lib/python3.13/site-packages/discord/ext/commands/bot.py", line 1040, in load_extension
    await self._load_from_module_spec(spec, name)
  File "/data/data/com.termux/files/usr/lib/python3.13/site-packages/discord/ext/commands/bot.py", line 979, in _load_from_module_spec
    raise errors.ExtensionFailed(key, e) from e
discord.ext.commands.errors.ExtensionFailed: Extension 'cogs.agressao' raised an error: CommandRegistrationError: The alias atender is already an existing command or alias.

2026-07-31 17:03:44 | INFO | Cog carregada: cogs.acao_privada
2026-07-31 17:03:44 | INFO | Cog carregada: cogs.news
2026-07-31 17:03:44 | INFO | Cog carregada: cogs.admin_ativacao
2026-07-31 17:03:49 | INFO | Bot conectado como Econonelo RP#9444 (ID: 1532558409356939284)
2026-07-31 17:03:49 | INFO | Prefixo ativo: ?
2026-07-31 17:03:56 | INFO | ACAO | TENTATIVA_ATIVACAO | user=501786436425744387 tamanho_codigo=28
2026-07-31 17:03:56 | INFO | ACAO | ADMIN_ATIVADO | user_id=501786436425744387
2026-07-31 17:03:56 | INFO | ACAO | ATIVACAO_SUCESSO | user=501786436425744387 user_name=nelinhougougo
2026-07-31 17:04:53 | ERROR | Erro no comando cardapio (user=501786436425744387): empresa_id is a required argument that is missing.
2026-07-31 17:04:53 | ERROR | NoneType: None

2026-07-31 17:04:53 | INFO | ACAO | ERRO_COMANDO | cmd=cardapio user=501786436425744387 error=empresa_id is a required argument that is missing.
2026-07-31 17:09:01 | INFO | ACAO | BOT_INICIANDO | carregando banco e cogs
2026-07-31 17:09:01 | INFO | ACAO | BANCO_INICIADO | schema_version=19
2026-07-31 17:09:01 | INFO | Cog carregada: cogs.personagem
2026-07-31 17:09:01 | INFO | Cog carregada: cogs.familia
2026-07-31 17:09:01 | INFO | Cog carregada: cogs.oab
2026-07-31 17:09:01 | INFO | Cog carregada: cogs.provas
2026-07-31 17:09:01 | INFO | Cog carregada: cogs.emergencia
2026-07-31 17:09:01 | INFO | Cog carregada: cogs.profissoes
2026-07-31 17:09:01 | INFO | Cog carregada: cogs.economia
2026-07-31 17:09:01 | INFO | Cog carregada: cogs.eventos
2026-07-31 17:09:01 | INFO | Cog carregada: cogs.ajuda
2026-07-31 17:09:01 | INFO | Cog carregada: cogs.status
2026-07-31 17:09:01 | INFO | Cog carregada: cogs.acoes
2026-07-31 17:09:01 | INFO | Cog carregada: cogs.inventario
2026-07-31 17:09:01 | INFO | Cog carregada: cogs.npcs
2026-07-31 17:09:01 | INFO | Cog carregada: cogs.casas
2026-07-31 17:09:01 | INFO | Cog carregada: cogs.veiculos
2026-07-31 17:09:01 | INFO | Cog carregada: cogs.locais
2026-07-31 17:09:01 | INFO | Cog carregada: cogs.balanceamento
2026-07-31 17:09:01 | INFO | Cog carregada: cogs.minigames
2026-07-31 17:09:01 | INFO | Cog carregada: cogs.justica
2026-07-31 17:09:01 | INFO | Cog carregada: cogs.educacao
2026-07-31 17:09:01 | INFO | Cog carregada: cogs.ia_mundo
2026-07-31 17:09:01 | INFO | Cog carregada: cogs.profissional
2026-07-31 17:09:01 | INFO | Cog carregada: cogs.editar
2026-07-31 17:09:01 | INFO | Cog carregada: cogs.comandos_exclusivos
2026-07-31 17:09:01 | INFO | Cog carregada: cogs.corrupcao
2026-07-31 17:09:01 | INFO | Cog carregada: cogs.concursos
2026-07-31 17:09:01 | INFO | Cog carregada: cogs.aulas
2026-07-31 17:09:01 | INFO | Cog carregada: cogs.empresas
2026-07-31 17:09:01 | ERROR | Falha ao carregar cog cogs.viagem: Extension 'cogs.viagem' raised an error: SyntaxError: unterminated string literal (detected at line 128) (viagem.py, line 128)
2026-07-31 17:09:01 | ERROR | Traceback (most recent call last):
  File "/data/data/com.termux/files/usr/lib/python3.13/site-packages/discord/ext/commands/bot.py", line 962, in _load_from_module_spec
    spec.loader.exec_module(lib)  # type: ignore
    ~~~~~~~~~~~~~~~~~~~~~~~^^^^^
  File "<frozen importlib._bootstrap_external>", line 1019, in exec_module
  File "<frozen importlib._bootstrap_external>", line 1157, in get_code
  File "<frozen importlib._bootstrap_external>", line 1087, in source_to_code
  File "<frozen importlib._bootstrap>", line 488, in _call_with_frames_removed
  File "/data/data/com.termux/files/home/Econonelo/rpbot/cogs/viagem.py", line 128
    **Custo base de passagem:** ${estado_info.get('custo_base', 0)}"
                                                                   ^
SyntaxError: unterminated string literal (detected at line 128)

The above exception was the direct cause of the following exception:

Traceback (most recent call last):
  File "/data/data/com.termux/files/home/Econonelo/rpbot/bot.py", line 133, in main
    await bot.load_extension(cog)
  File "/data/data/com.termux/files/usr/lib/python3.13/site-packages/discord/ext/commands/bot.py", line 1040, in load_extension
    await self._load_from_module_spec(spec, name)
  File "/data/data/com.termux/files/usr/lib/python3.13/site-packages/discord/ext/commands/bot.py", line 965, in _load_from_module_spec
    raise errors.ExtensionFailed(key, e) from e
discord.ext.commands.errors.ExtensionFailed: Extension 'cogs.viagem' raised an error: SyntaxError: unterminated string literal (detected at line 128) (viagem.py, line 128)

2026-07-31 17:09:01 | INFO | Cog carregada: cogs.relacionamentos
2026-07-31 17:09:01 | INFO | Cog carregada: cogs.delivery
2026-07-31 17:09:01 | INFO | Cog carregada: cogs.ia_empresas
2026-07-31 17:09:01 | INFO | Cog carregada: cogs.clima
2026-07-31 17:09:01 | INFO | Cog carregada: cogs.cpf
2026-07-31 17:09:01 | INFO | Cog carregada: cogs.heranca
2026-07-31 17:09:01 | ERROR | Falha ao carregar cog cogs.menu: Extension 'cogs.menu' raised an error: CommandRegistrationError: The command menu is already an existing command or alias.
2026-07-31 17:09:01 | ERROR | Traceback (most recent call last):
  File "/data/data/com.termux/files/usr/lib/python3.13/site-packages/discord/ext/commands/bot.py", line 974, in _load_from_module_spec
    await setup(self)
  File "/data/data/com.termux/files/home/Econonelo/rpbot/cogs/menu.py", line 86, in setup
    await bot.add_cog(Menu(bot))
  File "/data/data/com.termux/files/usr/lib/python3.13/site-packages/discord/ext/commands/bot.py", line 810, in add_cog
    cog = await cog._inject(self, override=override, guild=guild, guilds=guilds)
          ^^^^^^^^^^^^^^^^^^^^^^^^^^^^^^^^^^^^^^^^^^^^^^^^^^^^^^^^^^^^^^^^^^^^^^
  File "/data/data/com.termux/files/usr/lib/python3.13/site-packages/discord/ext/commands/cog.py", line 729, in _inject
    raise e
  File "/data/data/com.termux/files/usr/lib/python3.13/site-packages/discord/ext/commands/cog.py", line 720, in _inject
    bot.add_command(command)
    ~~~~~~~~~~~~~~~^^^^^^^^^
  File "/data/data/com.termux/files/usr/lib/python3.13/site-packages/discord/ext/commands/bot.py", line 264, in add_command
    super().add_command(command)
    ~~~~~~~~~~~~~~~~~~~^^^^^^^^^
  File "/data/data/com.termux/files/usr/lib/python3.13/site-packages/discord/ext/commands/core.py", line 1391, in add_command
    raise CommandRegistrationError(command.name)
discord.ext.commands.errors.CommandRegistrationError: The command menu is already an existing command or alias.

The above exception was the direct cause of the following exception:

Traceback (most recent call last):
  File "/data/data/com.termux/files/home/Econonelo/rpbot/bot.py", line 133, in main
    await bot.load_extension(cog)
  File "/data/data/com.termux/files/usr/lib/python3.13/site-packages/discord/ext/commands/bot.py", line 1040, in load_extension
    await self._load_from_module_spec(spec, name)
  File "/data/data/com.termux/files/usr/lib/python3.13/site-packages/discord/ext/commands/bot.py", line 979, in _load_from_module_spec
    raise errors.ExtensionFailed(key, e) from e
discord.ext.commands.errors.ExtensionFailed: Extension 'cogs.menu' raised an error: CommandRegistrationError: The command menu is already an existing command or alias.

2026-07-31 17:09:01 | INFO | Cog carregada: cogs.agressao
2026-07-31 17:09:01 | INFO | Cog carregada: cogs.acao_privada
2026-07-31 17:09:01 | INFO | Cog carregada: cogs.news
2026-07-31 17:09:01 | INFO | Cog carregada: cogs.admin_ativacao
2026-07-31 17:09:06 | INFO | Bot conectado como Econonelo RP#9444 (ID: 1532558409356939284)
2026-07-31 17:09:06 | INFO | Prefixo ativo: ?
2026-07-31 17:12:23 | INFO | ACAO | BOT_INICIANDO | carregando banco e cogs
2026-07-31 17:12:23 | INFO | ACAO | BANCO_INICIADO | schema_version=19
2026-07-31 17:12:23 | INFO | Cog carregada: cogs.personagem
2026-07-31 17:12:23 | INFO | Cog carregada: cogs.familia
2026-07-31 17:12:23 | INFO | Cog carregada: cogs.oab
2026-07-31 17:12:23 | INFO | Cog carregada: cogs.provas
2026-07-31 17:12:23 | INFO | Cog carregada: cogs.emergencia
2026-07-31 17:12:23 | INFO | Cog carregada: cogs.profissoes
2026-07-31 17:12:23 | INFO | Cog carregada: cogs.economia
2026-07-31 17:12:23 | INFO | Cog carregada: cogs.eventos
2026-07-31 17:12:23 | INFO | Cog carregada: cogs.ajuda
2026-07-31 17:12:23 | INFO | Cog carregada: cogs.status
2026-07-31 17:12:23 | INFO | Cog carregada: cogs.acoes
2026-07-31 17:12:23 | INFO | Cog carregada: cogs.inventario
2026-07-31 17:12:23 | INFO | Cog carregada: cogs.npcs
2026-07-31 17:12:23 | INFO | Cog carregada: cogs.casas
2026-07-31 17:12:23 | INFO | Cog carregada: cogs.veiculos
2026-07-31 17:12:23 | INFO | Cog carregada: cogs.locais
2026-07-31 17:12:23 | INFO | Cog carregada: cogs.balanceamento
2026-07-31 17:12:23 | INFO | Cog carregada: cogs.minigames
2026-07-31 17:12:23 | INFO | Cog carregada: cogs.justica
2026-07-31 17:12:23 | INFO | Cog carregada: cogs.educacao
2026-07-31 17:12:23 | INFO | Cog carregada: cogs.ia_mundo
2026-07-31 17:12:23 | INFO | Cog carregada: cogs.profissional
2026-07-31 17:12:23 | INFO | Cog carregada: cogs.editar
2026-07-31 17:12:23 | INFO | Cog carregada: cogs.comandos_exclusivos
2026-07-31 17:12:23 | INFO | Cog carregada: cogs.corrupcao
2026-07-31 17:12:23 | INFO | Cog carregada: cogs.concursos
2026-07-31 17:12:23 | INFO | Cog carregada: cogs.aulas
2026-07-31 17:12:23 | INFO | Cog carregada: cogs.empresas
2026-07-31 17:12:23 | INFO | Cog carregada: cogs.viagem
2026-07-31 17:12:23 | INFO | Cog carregada: cogs.relacionamentos
2026-07-31 17:12:23 | INFO | Cog carregada: cogs.delivery
2026-07-31 17:12:23 | INFO | Cog carregada: cogs.ia_empresas
2026-07-31 17:12:23 | INFO | Cog carregada: cogs.clima
2026-07-31 17:12:23 | INFO | Cog carregada: cogs.cpf
2026-07-31 17:12:23 | INFO | Cog carregada: cogs.heranca
2026-07-31 17:12:23 | ERROR | Falha ao carregar cog cogs.menu: Extension 'cogs.menu' raised an error: CommandRegistrationError: The command menu is already an existing command or alias.
2026-07-31 17:12:23 | ERROR | Traceback (most recent call last):
  File "/data/data/com.termux/files/usr/lib/python3.13/site-packages/discord/ext/commands/bot.py", line 974, in _load_from_module_spec
    await setup(self)
  File "/data/data/com.termux/files/home/Econonelo/rpbot/cogs/menu.py", line 86, in setup
    await bot.add_cog(Menu(bot))
  File "/data/data/com.termux/files/usr/lib/python3.13/site-packages/discord/ext/commands/bot.py", line 810, in add_cog
    cog = await cog._inject(self, override=override, guild=guild, guilds=guilds)
          ^^^^^^^^^^^^^^^^^^^^^^^^^^^^^^^^^^^^^^^^^^^^^^^^^^^^^^^^^^^^^^^^^^^^^^
  File "/data/data/com.termux/files/usr/lib/python3.13/site-packages/discord/ext/commands/cog.py", line 729, in _inject
    raise e
  File "/data/data/com.termux/files/usr/lib/python3.13/site-packages/discord/ext/commands/cog.py", line 720, in _inject
    bot.add_command(command)
    ~~~~~~~~~~~~~~~^^^^^^^^^
  File "/data/data/com.termux/files/usr/lib/python3.13/site-packages/discord/ext/commands/bot.py", line 264, in add_command
    super().add_command(command)
    ~~~~~~~~~~~~~~~~~~~^^^^^^^^^
  File "/data/data/com.termux/files/usr/lib/python3.13/site-packages/discord/ext/commands/core.py", line 1391, in add_command
    raise CommandRegistrationError(command.name)
discord.ext.commands.errors.CommandRegistrationError: The command menu is already an existing command or alias.

The above exception was the direct cause of the following exception:

Traceback (most recent call last):
  File "/data/data/com.termux/files/home/Econonelo/rpbot/bot.py", line 133, in main
    await bot.load_extension(cog)
  File "/data/data/com.termux/files/usr/lib/python3.13/site-packages/discord/ext/commands/bot.py", line 1040, in load_extension
    await self._load_from_module_spec(spec, name)
  File "/data/data/com.termux/files/usr/lib/python3.13/site-packages/discord/ext/commands/bot.py", line 979, in _load_from_module_spec
    raise errors.ExtensionFailed(key, e) from e
discord.ext.commands.errors.ExtensionFailed: Extension 'cogs.menu' raised an error: CommandRegistrationError: The command menu is already an existing command or alias.

2026-07-31 17:12:23 | INFO | Cog carregada: cogs.agressao
2026-07-31 17:12:23 | INFO | Cog carregada: cogs.acao_privada
2026-07-31 17:12:23 | INFO | Cog carregada: cogs.news
2026-07-31 17:12:23 | INFO | Cog carregada: cogs.admin_ativacao
2026-07-31 17:12:26 | INFO | Bot conectado como Econonelo RP#9444 (ID: 1532558409356939284)
2026-07-31 17:12:26 | INFO | Prefixo ativo: ?
2026-07-31 17:13:44 | INFO | ACAO | BOT_INICIANDO | carregando banco e cogs
2026-07-31 17:13:44 | INFO | ACAO | BANCO_INICIADO | schema_version=19
2026-07-31 17:13:44 | INFO | Cog carregada: cogs.personagem
2026-07-31 17:13:44 | INFO | Cog carregada: cogs.familia
2026-07-31 17:13:44 | INFO | Cog carregada: cogs.oab
2026-07-31 17:13:44 | INFO | Cog carregada: cogs.provas
2026-07-31 17:13:44 | INFO | Cog carregada: cogs.emergencia
2026-07-31 17:13:44 | INFO | Cog carregada: cogs.profissoes
2026-07-31 17:13:44 | INFO | Cog carregada: cogs.economia
2026-07-31 17:13:44 | INFO | Cog carregada: cogs.eventos
2026-07-31 17:13:44 | INFO | Cog carregada: cogs.ajuda
2026-07-31 17:13:44 | INFO | Cog carregada: cogs.status
2026-07-31 17:13:44 | INFO | Cog carregada: cogs.acoes
2026-07-31 17:13:44 | INFO | Cog carregada: cogs.inventario
2026-07-31 17:13:44 | INFO | Cog carregada: cogs.npcs
2026-07-31 17:13:44 | INFO | Cog carregada: cogs.casas
2026-07-31 17:13:44 | INFO | Cog carregada: cogs.veiculos
2026-07-31 17:13:44 | INFO | Cog carregada: cogs.locais
2026-07-31 17:13:44 | INFO | Cog carregada: cogs.balanceamento
2026-07-31 17:13:44 | INFO | Cog carregada: cogs.minigames
2026-07-31 17:13:44 | INFO | Cog carregada: cogs.justica
2026-07-31 17:13:44 | INFO | Cog carregada: cogs.educacao
2026-07-31 17:13:44 | INFO | Cog carregada: cogs.ia_mundo
2026-07-31 17:13:44 | INFO | Cog carregada: cogs.profissional
2026-07-31 17:13:44 | INFO | Cog carregada: cogs.editar
2026-07-31 17:13:44 | INFO | Cog carregada: cogs.comandos_exclusivos
2026-07-31 17:13:44 | INFO | Cog carregada: cogs.corrupcao
2026-07-31 17:13:44 | INFO | Cog carregada: cogs.concursos
2026-07-31 17:13:44 | INFO | Cog carregada: cogs.aulas
2026-07-31 17:13:44 | INFO | Cog carregada: cogs.empresas
2026-07-31 17:13:44 | INFO | Cog carregada: cogs.viagem
2026-07-31 17:13:44 | INFO | Cog carregada: cogs.relacionamentos
2026-07-31 17:13:44 | INFO | Cog carregada: cogs.delivery
2026-07-31 17:13:44 | INFO | Cog carregada: cogs.ia_empresas
2026-07-31 17:13:44 | INFO | Cog carregada: cogs.clima
2026-07-31 17:13:44 | INFO | Cog carregada: cogs.cpf
2026-07-31 17:13:44 | INFO | Cog carregada: cogs.heranca
2026-07-31 17:13:44 | ERROR | Falha ao carregar cog cogs.menu: Extension 'cogs.menu' raised an error: CommandRegistrationError: The command menu is already an existing command or alias.
2026-07-31 17:13:44 | ERROR | Traceback (most recent call last):
  File "/data/data/com.termux/files/usr/lib/python3.13/site-packages/discord/ext/commands/bot.py", line 974, in _load_from_module_spec
    await setup(self)
  File "/data/data/com.termux/files/home/Econonelo/rpbot/cogs/menu.py", line 86, in setup
    await bot.add_cog(Menu(bot))
  File "/data/data/com.termux/files/usr/lib/python3.13/site-packages/discord/ext/commands/bot.py", line 810, in add_cog
    cog = await cog._inject(self, override=override, guild=guild, guilds=guilds)
          ^^^^^^^^^^^^^^^^^^^^^^^^^^^^^^^^^^^^^^^^^^^^^^^^^^^^^^^^^^^^^^^^^^^^^^
  File "/data/data/com.termux/files/usr/lib/python3.13/site-packages/discord/ext/commands/cog.py", line 729, in _inject
    raise e
  File "/data/data/com.termux/files/usr/lib/python3.13/site-packages/discord/ext/commands/cog.py", line 720, in _inject
    bot.add_command(command)
    ~~~~~~~~~~~~~~~^^^^^^^^^
  File "/data/data/com.termux/files/usr/lib/python3.13/site-packages/discord/ext/commands/bot.py", line 264, in add_command
    super().add_command(command)
    ~~~~~~~~~~~~~~~~~~~^^^^^^^^^
  File "/data/data/com.termux/files/usr/lib/python3.13/site-packages/discord/ext/commands/core.py", line 1391, in add_command
    raise CommandRegistrationError(command.name)
discord.ext.commands.errors.CommandRegistrationError: The command menu is already an existing command or alias.

The above exception was the direct cause of the following exception:

Traceback (most recent call last):
  File "/data/data/com.termux/files/home/Econonelo/rpbot/bot.py", line 133, in main
    await bot.load_extension(cog)
  File "/data/data/com.termux/files/usr/lib/python3.13/site-packages/discord/ext/commands/bot.py", line 1040, in load_extension
    await self._load_from_module_spec(spec, name)
  File "/data/data/com.termux/files/usr/lib/python3.13/site-packages/discord/ext/commands/bot.py", line 979, in _load_from_module_spec
    raise errors.ExtensionFailed(key, e) from e
discord.ext.commands.errors.ExtensionFailed: Extension 'cogs.menu' raised an error: CommandRegistrationError: The command menu is already an existing command or alias.

2026-07-31 17:13:44 | INFO | Cog carregada: cogs.agressao
2026-07-31 17:13:44 | INFO | Cog carregada: cogs.acao_privada
2026-07-31 17:13:44 | INFO | Cog carregada: cogs.news
2026-07-31 17:13:44 | INFO | Cog carregada: cogs.admin_ativacao
2026-07-31 17:13:50 | INFO | Bot conectado como Econonelo RP#9444 (ID: 1532558409356939284)
2026-07-31 17:13:50 | INFO | Prefixo ativo: ?
2026-07-31 17:14:11 | INFO | ACAO | BOT_INICIANDO | carregando banco e cogs
2026-07-31 17:14:11 | INFO | ACAO | BANCO_INICIADO | schema_version=19
2026-07-31 17:14:11 | INFO | Cog carregada: cogs.personagem
2026-07-31 17:14:11 | INFO | Cog carregada: cogs.familia
2026-07-31 17:14:11 | INFO | Cog carregada: cogs.oab
2026-07-31 17:14:11 | INFO | Cog carregada: cogs.provas
2026-07-31 17:14:11 | INFO | Cog carregada: cogs.emergencia
2026-07-31 17:14:11 | INFO | Cog carregada: cogs.profissoes
2026-07-31 17:14:11 | INFO | Cog carregada: cogs.economia
2026-07-31 17:14:11 | INFO | Cog carregada: cogs.eventos
2026-07-31 17:14:11 | INFO | Cog carregada: cogs.ajuda
2026-07-31 17:14:11 | INFO | Cog carregada: cogs.status
2026-07-31 17:14:11 | INFO | Cog carregada: cogs.acoes
2026-07-31 17:14:11 | INFO | Cog carregada: cogs.inventario
2026-07-31 17:14:11 | INFO | Cog carregada: cogs.npcs
2026-07-31 17:14:11 | INFO | Cog carregada: cogs.casas
2026-07-31 17:14:11 | INFO | Cog carregada: cogs.veiculos
2026-07-31 17:14:11 | INFO | Cog carregada: cogs.locais
2026-07-31 17:14:11 | INFO | Cog carregada: cogs.balanceamento
2026-07-31 17:14:11 | INFO | Cog carregada: cogs.minigames
2026-07-31 17:14:11 | INFO | Cog carregada: cogs.justica
2026-07-31 17:14:11 | INFO | Cog carregada: cogs.educacao
2026-07-31 17:14:11 | INFO | Cog carregada: cogs.ia_mundo
2026-07-31 17:14:11 | INFO | Cog carregada: cogs.profissional
2026-07-31 17:14:11 | INFO | Cog carregada: cogs.editar
2026-07-31 17:14:11 | INFO | Cog carregada: cogs.comandos_exclusivos
2026-07-31 17:14:11 | INFO | Cog carregada: cogs.corrupcao
2026-07-31 17:14:11 | INFO | Cog carregada: cogs.concursos
2026-07-31 17:14:11 | INFO | Cog carregada: cogs.aulas
2026-07-31 17:14:11 | INFO | Cog carregada: cogs.empresas
2026-07-31 17:14:11 | INFO | Cog carregada: cogs.viagem
2026-07-31 17:14:11 | INFO | Cog carregada: cogs.relacionamentos
2026-07-31 17:14:11 | INFO | Cog carregada: cogs.delivery
2026-07-31 17:14:11 | INFO | Cog carregada: cogs.ia_empresas
2026-07-31 17:14:11 | INFO | Cog carregada: cogs.clima
2026-07-31 17:14:11 | INFO | Cog carregada: cogs.cpf
2026-07-31 17:14:11 | INFO | Cog carregada: cogs.heranca
2026-07-31 17:14:11 | ERROR | Falha ao carregar cog cogs.menu: Extension 'cogs.menu' raised an error: CommandRegistrationError: The command menu is already an existing command or alias.
2026-07-31 17:14:11 | ERROR | Traceback (most recent call last):
  File "/data/data/com.termux/files/usr/lib/python3.13/site-packages/discord/ext/commands/bot.py", line 974, in _load_from_module_spec
    await setup(self)
  File "/data/data/com.termux/files/home/Econonelo/rpbot/cogs/menu.py", line 86, in setup
    await bot.add_cog(Menu(bot))
  File "/data/data/com.termux/files/usr/lib/python3.13/site-packages/discord/ext/commands/bot.py", line 810, in add_cog
    cog = await cog._inject(self, override=override, guild=guild, guilds=guilds)
          ^^^^^^^^^^^^^^^^^^^^^^^^^^^^^^^^^^^^^^^^^^^^^^^^^^^^^^^^^^^^^^^^^^^^^^
  File "/data/data/com.termux/files/usr/lib/python3.13/site-packages/discord/ext/commands/cog.py", line 729, in _inject
    raise e
  File "/data/data/com.termux/files/usr/lib/python3.13/site-packages/discord/ext/commands/cog.py", line 720, in _inject
    bot.add_command(command)
    ~~~~~~~~~~~~~~~^^^^^^^^^
  File "/data/data/com.termux/files/usr/lib/python3.13/site-packages/discord/ext/commands/bot.py", line 264, in add_command
    super().add_command(command)
    ~~~~~~~~~~~~~~~~~~~^^^^^^^^^
  File "/data/data/com.termux/files/usr/lib/python3.13/site-packages/discord/ext/commands/core.py", line 1391, in add_command
    raise CommandRegistrationError(command.name)
discord.ext.commands.errors.CommandRegistrationError: The command menu is already an existing command or alias.

The above exception was the direct cause of the following exception:

Traceback (most recent call last):
  File "/data/data/com.termux/files/home/Econonelo/rpbot/bot.py", line 133, in main
    await bot.load_extension(cog)
  File "/data/data/com.termux/files/usr/lib/python3.13/site-packages/discord/ext/commands/bot.py", line 1040, in load_extension
    await self._load_from_module_spec(spec, name)
  File "/data/data/com.termux/files/usr/lib/python3.13/site-packages/discord/ext/commands/bot.py", line 979, in _load_from_module_spec
    raise errors.ExtensionFailed(key, e) from e
discord.ext.commands.errors.ExtensionFailed: Extension 'cogs.menu' raised an error: CommandRegistrationError: The command menu is already an existing command or alias.

2026-07-31 17:14:11 | INFO | Cog carregada: cogs.agressao
2026-07-31 17:14:11 | INFO | Cog carregada: cogs.acao_privada
2026-07-31 17:14:11 | INFO | Cog carregada: cogs.news
2026-07-31 17:14:11 | INFO | Cog carregada: cogs.admin_ativacao
2026-07-31 17:14:14 | INFO | Bot conectado como Econonelo RP#9444 (ID: 1532558409356939284)
2026-07-31 17:14:14 | INFO | Prefixo ativo: ?
2026-07-31 17:14:55 | INFO | ACAO | BOT_INICIANDO | carregando banco e cogs
2026-07-31 17:14:55 | INFO | ACAO | BANCO_INICIADO | schema_version=19
2026-07-31 17:14:55 | INFO | Cog carregada: cogs.personagem
2026-07-31 17:14:55 | INFO | Cog carregada: cogs.familia
2026-07-31 17:14:55 | INFO | Cog carregada: cogs.oab
2026-07-31 17:14:55 | INFO | Cog carregada: cogs.provas
2026-07-31 17:14:55 | INFO | Cog carregada: cogs.emergencia
2026-07-31 17:14:55 | INFO | Cog carregada: cogs.profissoes
2026-07-31 17:14:55 | INFO | Cog carregada: cogs.economia
2026-07-31 17:14:55 | INFO | Cog carregada: cogs.eventos
2026-07-31 17:14:55 | INFO | Cog carregada: cogs.ajuda
2026-07-31 17:14:55 | INFO | Cog carregada: cogs.status
2026-07-31 17:14:55 | INFO | Cog carregada: cogs.acoes
2026-07-31 17:14:55 | INFO | Cog carregada: cogs.inventario
2026-07-31 17:14:55 | INFO | Cog carregada: cogs.npcs
2026-07-31 17:14:55 | INFO | Cog carregada: cogs.casas
2026-07-31 17:14:55 | INFO | Cog carregada: cogs.veiculos
2026-07-31 17:14:55 | INFO | Cog carregada: cogs.locais
2026-07-31 17:14:55 | INFO | Cog carregada: cogs.balanceamento
2026-07-31 17:14:55 | INFO | Cog carregada: cogs.minigames
2026-07-31 17:14:55 | INFO | Cog carregada: cogs.justica
2026-07-31 17:14:55 | INFO | Cog carregada: cogs.educacao
2026-07-31 17:14:55 | INFO | Cog carregada: cogs.ia_mundo
2026-07-31 17:14:55 | INFO | Cog carregada: cogs.profissional
2026-07-31 17:14:55 | INFO | Cog carregada: cogs.editar
2026-07-31 17:14:55 | INFO | Cog carregada: cogs.comandos_exclusivos
2026-07-31 17:14:55 | INFO | Cog carregada: cogs.corrupcao
2026-07-31 17:14:55 | INFO | Cog carregada: cogs.concursos
2026-07-31 17:14:55 | INFO | Cog carregada: cogs.aulas
2026-07-31 17:14:55 | INFO | Cog carregada: cogs.empresas
2026-07-31 17:14:55 | INFO | Cog carregada: cogs.viagem
2026-07-31 17:14:55 | INFO | Cog carregada: cogs.relacionamentos
2026-07-31 17:14:55 | INFO | Cog carregada: cogs.delivery
2026-07-31 17:14:55 | INFO | Cog carregada: cogs.ia_empresas
2026-07-31 17:14:55 | INFO | Cog carregada: cogs.clima
2026-07-31 17:14:55 | INFO | Cog carregada: cogs.cpf
2026-07-31 17:14:55 | INFO | Cog carregada: cogs.heranca
2026-07-31 17:14:55 | ERROR | Falha ao carregar cog cogs.menu: Extension 'cogs.menu' raised an error: CommandRegistrationError: The command menu is already an existing command or alias.
2026-07-31 17:14:55 | ERROR | Traceback (most recent call last):
  File "/data/data/com.termux/files/usr/lib/python3.13/site-packages/discord/ext/commands/bot.py", line 974, in _load_from_module_spec
    await setup(self)
  File "/data/data/com.termux/files/home/Econonelo/rpbot/cogs/menu.py", line 86, in setup
    await bot.add_cog(Menu(bot))
  File "/data/data/com.termux/files/usr/lib/python3.13/site-packages/discord/ext/commands/bot.py", line 810, in add_cog
    cog = await cog._inject(self, override=override, guild=guild, guilds=guilds)
          ^^^^^^^^^^^^^^^^^^^^^^^^^^^^^^^^^^^^^^^^^^^^^^^^^^^^^^^^^^^^^^^^^^^^^^
  File "/data/data/com.termux/files/usr/lib/python3.13/site-packages/discord/ext/commands/cog.py", line 729, in _inject
    raise e
  File "/data/data/com.termux/files/usr/lib/python3.13/site-packages/discord/ext/commands/cog.py", line 720, in _inject
    bot.add_command(command)
    ~~~~~~~~~~~~~~~^^^^^^^^^
  File "/data/data/com.termux/files/usr/lib/python3.13/site-packages/discord/ext/commands/bot.py", line 264, in add_command
    super().add_command(command)
    ~~~~~~~~~~~~~~~~~~~^^^^^^^^^
  File "/data/data/com.termux/files/usr/lib/python3.13/site-packages/discord/ext/commands/core.py", line 1391, in add_command
    raise CommandRegistrationError(command.name)
discord.ext.commands.errors.CommandRegistrationError: The command menu is already an existing command or alias.

The above exception was the direct cause of the following exception:

Traceback (most recent call last):
  File "/data/data/com.termux/files/home/Econonelo/rpbot/bot.py", line 133, in main
    await bot.load_extension(cog)
  File "/data/data/com.termux/files/usr/lib/python3.13/site-packages/discord/ext/commands/bot.py", line 1040, in load_extension
    await self._load_from_module_spec(spec, name)
  File "/data/data/com.termux/files/usr/lib/python3.13/site-packages/discord/ext/commands/bot.py", line 979, in _load_from_module_spec
    raise errors.ExtensionFailed(key, e) from e
discord.ext.commands.errors.ExtensionFailed: Extension 'cogs.menu' raised an error: CommandRegistrationError: The command menu is already an existing command or alias.

2026-07-31 17:14:55 | INFO | Cog carregada: cogs.agressao
2026-07-31 17:14:55 | INFO | Cog carregada: cogs.acao_privada
2026-07-31 17:14:55 | INFO | Cog carregada: cogs.news
2026-07-31 17:14:55 | INFO | Cog carregada: cogs.admin_ativacao
2026-07-31 17:14:59 | INFO | Bot conectado como Econonelo RP#9444 (ID: 1532558409356939284)
2026-07-31 17:14:59 | INFO | Prefixo ativo: ?
2026-07-31 17:17:58 | INFO | ACAO | BOT_INICIANDO | carregando banco e cogs
2026-07-31 17:17:58 | INFO | ACAO | BANCO_INICIADO | schema_version=19
2026-07-31 17:17:58 | INFO | Cog carregada: cogs.personagem
2026-07-31 17:17:58 | INFO | Cog carregada: cogs.familia
2026-07-31 17:17:58 | INFO | Cog carregada: cogs.oab
2026-07-31 17:17:58 | INFO | Cog carregada: cogs.provas
2026-07-31 17:17:58 | INFO | Cog carregada: cogs.emergencia
2026-07-31 17:17:58 | INFO | Cog carregada: cogs.profissoes
2026-07-31 17:17:58 | INFO | Cog carregada: cogs.economia
2026-07-31 17:17:58 | INFO | Cog carregada: cogs.eventos
2026-07-31 17:17:58 | INFO | Cog carregada: cogs.ajuda
2026-07-31 17:17:58 | INFO | Cog carregada: cogs.status
2026-07-31 17:17:58 | INFO | Cog carregada: cogs.acoes
2026-07-31 17:17:58 | INFO | Cog carregada: cogs.inventario
2026-07-31 17:17:58 | INFO | Cog carregada: cogs.npcs
2026-07-31 17:17:58 | INFO | Cog carregada: cogs.casas
2026-07-31 17:17:58 | INFO | Cog carregada: cogs.veiculos
2026-07-31 17:17:58 | INFO | Cog carregada: cogs.locais
2026-07-31 17:17:58 | INFO | Cog carregada: cogs.balanceamento
2026-07-31 17:17:58 | INFO | Cog carregada: cogs.minigames
2026-07-31 17:17:58 | INFO | Cog carregada: cogs.justica
2026-07-31 17:17:58 | INFO | Cog carregada: cogs.educacao
2026-07-31 17:17:58 | INFO | Cog carregada: cogs.ia_mundo
2026-07-31 17:17:58 | INFO | Cog carregada: cogs.profissional
2026-07-31 17:17:58 | INFO | Cog carregada: cogs.editar
2026-07-31 17:17:58 | INFO | Cog carregada: cogs.comandos_exclusivos
2026-07-31 17:17:58 | INFO | Cog carregada: cogs.corrupcao
2026-07-31 17:17:58 | INFO | Cog carregada: cogs.concursos
2026-07-31 17:17:58 | INFO | Cog carregada: cogs.aulas
2026-07-31 17:17:58 | INFO | Cog carregada: cogs.empresas
2026-07-31 17:17:58 | INFO | Cog carregada: cogs.viagem
2026-07-31 17:17:58 | INFO | Cog carregada: cogs.relacionamentos
2026-07-31 17:17:58 | INFO | Cog carregada: cogs.delivery
2026-07-31 17:17:58 | INFO | Cog carregada: cogs.ia_empresas
2026-07-31 17:17:58 | INFO | Cog carregada: cogs.clima
2026-07-31 17:17:58 | INFO | Cog carregada: cogs.cpf
2026-07-31 17:17:58 | INFO | Cog carregada: cogs.heranca
2026-07-31 17:17:58 | INFO | Cog carregada: cogs.menu
2026-07-31 17:17:58 | INFO | Cog carregada: cogs.agressao
2026-07-31 17:17:58 | INFO | Cog carregada: cogs.acao_privada
2026-07-31 17:17:58 | INFO | Cog carregada: cogs.news
2026-07-31 17:17:58 | INFO | Cog carregada: cogs.admin_ativacao
2026-07-31 17:18:01 | INFO | Bot conectado como Econonelo RP#9444 (ID: 1532558409356939284)
2026-07-31 17:18:01 | INFO | Prefixo ativo: ?
2026-07-31 17:18:09 | INFO | ACAO | BOT_INICIANDO | carregando banco e cogs
2026-07-31 17:18:09 | INFO | ACAO | BANCO_INICIADO | schema_version=19
2026-07-31 17:18:09 | INFO | Cog carregada: cogs.personagem
2026-07-31 17:18:09 | INFO | Cog carregada: cogs.familia
2026-07-31 17:18:09 | INFO | Cog carregada: cogs.oab
2026-07-31 17:18:09 | INFO | Cog carregada: cogs.provas
2026-07-31 17:18:09 | INFO | Cog carregada: cogs.emergencia
2026-07-31 17:18:09 | INFO | Cog carregada: cogs.profissoes
2026-07-31 17:18:09 | INFO | Cog carregada: cogs.economia
2026-07-31 17:18:09 | INFO | Cog carregada: cogs.eventos
2026-07-31 17:18:09 | INFO | Cog carregada: cogs.ajuda
2026-07-31 17:18:09 | INFO | Cog carregada: cogs.status
2026-07-31 17:18:09 | INFO | Cog carregada: cogs.acoes
2026-07-31 17:18:09 | INFO | Cog carregada: cogs.inventario
2026-07-31 17:18:09 | INFO | Cog carregada: cogs.npcs
2026-07-31 17:18:09 | INFO | Cog carregada: cogs.casas
2026-07-31 17:18:09 | INFO | Cog carregada: cogs.veiculos
2026-07-31 17:18:09 | INFO | Cog carregada: cogs.locais
2026-07-31 17:18:09 | INFO | Cog carregada: cogs.balanceamento
2026-07-31 17:18:09 | INFO | Cog carregada: cogs.minigames
2026-07-31 17:18:09 | INFO | Cog carregada: cogs.justica
2026-07-31 17:18:09 | INFO | Cog carregada: cogs.educacao
2026-07-31 17:18:09 | INFO | Cog carregada: cogs.ia_mundo
2026-07-31 17:18:09 | INFO | Cog carregada: cogs.profissional
2026-07-31 17:18:09 | INFO | Cog carregada: cogs.editar
2026-07-31 17:18:09 | INFO | Cog carregada: cogs.comandos_exclusivos
2026-07-31 17:18:09 | INFO | Cog carregada: cogs.corrupcao
2026-07-31 17:18:09 | INFO | Cog carregada: cogs.concursos
2026-07-31 17:18:09 | INFO | Cog carregada: cogs.aulas
2026-07-31 17:18:09 | INFO | Cog carregada: cogs.empresas
2026-07-31 17:18:09 | INFO | Cog carregada: cogs.viagem
2026-07-31 17:18:09 | INFO | Cog carregada: cogs.relacionamentos
2026-07-31 17:18:09 | INFO | Cog carregada: cogs.delivery
2026-07-31 17:18:09 | INFO | Cog carregada: cogs.ia_empresas
2026-07-31 17:18:09 | INFO | Cog carregada: cogs.clima
2026-07-31 17:18:09 | INFO | Cog carregada: cogs.cpf
2026-07-31 17:18:09 | INFO | Cog carregada: cogs.heranca
2026-07-31 17:18:09 | INFO | Cog carregada: cogs.menu
2026-07-31 17:18:09 | INFO | Cog carregada: cogs.agressao
2026-07-31 17:18:09 | INFO | Cog carregada: cogs.acao_privada
2026-07-31 17:18:09 | INFO | Cog carregada: cogs.news
2026-07-31 17:18:09 | INFO | Cog carregada: cogs.admin_ativacao
2026-07-31 17:18:14 | INFO | Bot conectado como Econonelo RP#9444 (ID: 1532558409356939284)
2026-07-31 17:18:14 | INFO | Prefixo ativo: ?
2026-07-31 17:19:08 | INFO | ACAO | CPF_ATRIBUIDO | personagem=1 cpf=000
2026-07-31 17:19:23 | INFO | ACAO | CPF_ATRIBUIDO | personagem=1 cpf=001
2026-07-31 17:21:22 | INFO | ACAO | TENTATIVA_ATIVACAO | user=501786436425744387 tamanho_codigo=28
2026-07-31 17:22:30 | INFO | ACAO | HERANCA_SEM_HERDEIROS | falecido=1
2026-07-31 17:22:30 | INFO | ACAO | PERSONAGEM_MORTO | personagem=1 causa=Desconhecida
2026-07-31 17:42:28 | INFO | ACAO | BOT_INICIANDO | carregando banco e cogs
2026-07-31 17:42:28 | INFO | ACAO | BANCO_INICIADO | schema_version=19
2026-07-31 17:42:28 | INFO | Cog carregada: cogs.personagem
2026-07-31 17:42:28 | INFO | Cog carregada: cogs.familia
2026-07-31 17:42:29 | INFO | Cog carregada: cogs.oab
2026-07-31 17:42:29 | INFO | Cog carregada: cogs.provas
2026-07-31 17:42:29 | INFO | Cog carregada: cogs.emergencia
2026-07-31 17:42:29 | INFO | Cog carregada: cogs.profissoes
2026-07-31 17:42:29 | INFO | Cog carregada: cogs.economia
2026-07-31 17:42:29 | INFO | Cog carregada: cogs.eventos
2026-07-31 17:42:29 | INFO | Cog carregada: cogs.ajuda
2026-07-31 17:42:29 | INFO | Cog carregada: cogs.status
2026-07-31 17:42:29 | INFO | Cog carregada: cogs.acoes
2026-07-31 17:42:29 | INFO | Cog carregada: cogs.inventario
2026-07-31 17:42:29 | INFO | Cog carregada: cogs.npcs
2026-07-31 17:42:29 | INFO | Cog carregada: cogs.casas
2026-07-31 17:42:29 | INFO | Cog carregada: cogs.veiculos
2026-07-31 17:42:29 | INFO | Cog carregada: cogs.locais
2026-07-31 17:42:29 | INFO | Cog carregada: cogs.balanceamento
2026-07-31 17:42:29 | INFO | Cog carregada: cogs.minigames
2026-07-31 17:42:29 | INFO | Cog carregada: cogs.justica
2026-07-31 17:42:29 | INFO | Cog carregada: cogs.educacao
2026-07-31 17:42:29 | INFO | Cog carregada: cogs.ia_mundo
2026-07-31 17:42:29 | INFO | Cog carregada: cogs.profissional
2026-07-31 17:42:29 | INFO | Cog carregada: cogs.editar
2026-07-31 17:42:29 | INFO | Cog carregada: cogs.comandos_exclusivos
2026-07-31 17:42:29 | INFO | Cog carregada: cogs.corrupcao
2026-07-31 17:42:29 | INFO | Cog carregada: cogs.concursos
2026-07-31 17:42:29 | INFO | Cog carregada: cogs.aulas
2026-07-31 17:42:29 | INFO | Cog carregada: cogs.empresas
2026-07-31 17:42:29 | INFO | Cog carregada: cogs.viagem
2026-07-31 17:42:29 | INFO | Cog carregada: cogs.relacionamentos
2026-07-31 17:42:29 | INFO | Cog carregada: cogs.delivery
2026-07-31 17:42:29 | INFO | Cog carregada: cogs.ia_empresas
2026-07-31 17:42:29 | INFO | Cog carregada: cogs.clima
2026-07-31 17:42:29 | INFO | Cog carregada: cogs.cpf
2026-07-31 17:42:29 | INFO | Cog carregada: cogs.heranca
2026-07-31 17:42:29 | INFO | Cog carregada: cogs.menu
2026-07-31 17:42:29 | INFO | Cog carregada: cogs.agressao
2026-07-31 17:42:29 | INFO | Cog carregada: cogs.acao_privada
2026-07-31 17:42:29 | INFO | Cog carregada: cogs.news
2026-07-31 17:42:29 | INFO | Cog carregada: cogs.admin_ativacao
2026-07-31 17:42:34 | INFO | Bot conectado como Econonelo RP#9444 (ID: 1532558409356939284)
2026-07-31 17:42:34 | INFO | Prefixo ativo: ?
2026-07-31 17:45:10 | ERROR | Erro no comando ifood (user=501786436425744387): Command raised an exception: AttributeError: module 'database' has no attribute 'listar_empresas'
2026-07-31 17:45:10 | ERROR | NoneType: None

2026-07-31 17:45:10 | INFO | ACAO | ERRO_COMANDO | cmd=ifood user=501786436425744387 error=Command raised an exception: AttributeError: module 'database' has no attribute 'listar_empresas'
2026-07-31 17:46:16 | ERROR | Erro no comando empresas (user=501786436425744387): Command raised an exception: AttributeError: module 'database' has no attribute 'listar_empresas'
2026-07-31 17:46:16 | ERROR | NoneType: None

2026-07-31 17:46:16 | INFO | ACAO | ERRO_COMANDO | cmd=empresas user=501786436425744387 error=Command raised an exception: AttributeError: module 'database' has no attribute 'listar_empresas'
2026-07-31 17:46:25 | ERROR | Erro no comando empresas (user=501786436425744387): Command raised an exception: AttributeError: module 'database' has no attribute 'listar_empresas'
2026-07-31 17:46:25 | ERROR | NoneType: None

2026-07-31 17:46:25 | INFO | ACAO | ERRO_COMANDO | cmd=empresas user=501786436425744387 error=Command raised an exception: AttributeError: module 'database' has no attribute 'listar_empresas'
2026-07-31 17:46:29 | ERROR | Erro no comando loja (user=501786436425744387): empresa_id is a required argument that is missing.
2026-07-31 17:46:29 | ERROR | NoneType: None

2026-07-31 17:46:29 | INFO | ACAO | ERRO_COMANDO | cmd=loja user=501786436425744387 error=empresa_id is a required argument that is missing.
2026-07-31 21:34:34 | INFO | ACAO | BOT_INICIANDO | carregando banco e cogs
2026-07-31 21:34:34 | INFO | ACAO | BANCO_INICIADO | schema_version=19
2026-07-31 21:34:34 | ERROR | Falha ao carregar cog cogs.personagem: Extension 'cogs.personagem' raised an error: SyntaxError: f-string: expecting '=', or '!', or ':', or '}' (personagem.py, line 38)
2026-07-31 21:34:34 | ERROR | Traceback (most recent call last):
  File "/data/data/com.termux/files/usr/lib/python3.13/site-packages/discord/ext/commands/bot.py", line 962, in _load_from_module_spec
    spec.loader.exec_module(lib)  # type: ignore
    ~~~~~~~~~~~~~~~~~~~~~~~^^^^^
  File "<frozen importlib._bootstrap_external>", line 1019, in exec_module
  File "<frozen importlib._bootstrap_external>", line 1157, in get_code
  File "<frozen importlib._bootstrap_external>", line 1087, in source_to_code
  File "<frozen importlib._bootstrap>", line 488, in _call_with_frames_removed
  File "/data/data/com.termux/files/home/Econonelo/rpbot/cogs/personagem.py", line 38
    await ctx.reply(embed=embed_erro("Nome inválido", f"{mensagem_nome_invalido(, ephemeral=True)}\n\n❌ {validacao['motivo']}"))
                                                                               ^
SyntaxError: f-string: expecting '=', or '!', or ':', or '}'

The above exception was the direct cause of the following exception:

Traceback (most recent call last):
  File "/data/data/com.termux/files/home/Econonelo/rpbot/bot.py", line 133, in main
    await bot.load_extension(cog)
  File "/data/data/com.termux/files/usr/lib/python3.13/site-packages/discord/ext/commands/bot.py", line 1040, in load_extension
    await self._load_from_module_spec(spec, name)
  File "/data/data/com.termux/files/usr/lib/python3.13/site-packages/discord/ext/commands/bot.py", line 965, in _load_from_module_spec
    raise errors.ExtensionFailed(key, e) from e
discord.ext.commands.errors.ExtensionFailed: Extension 'cogs.personagem' raised an error: SyntaxError: f-string: expecting '=', or '!', or ':', or '}' (personagem.py, line 38)

2026-07-31 21:34:34 | INFO | Cog carregada: cogs.familia
2026-07-31 21:34:34 | INFO | Cog carregada: cogs.oab
2026-07-31 21:34:34 | INFO | Cog carregada: cogs.provas
2026-07-31 21:34:34 | INFO | Cog carregada: cogs.emergencia
2026-07-31 21:34:34 | INFO | Cog carregada: cogs.profissoes
2026-07-31 21:34:34 | INFO | Cog carregada: cogs.economia
2026-07-31 21:34:34 | INFO | Cog carregada: cogs.eventos
2026-07-31 21:34:34 | INFO | Cog carregada: cogs.ajuda
2026-07-31 21:34:34 | INFO | Cog carregada: cogs.status
2026-07-31 21:34:34 | INFO | Cog carregada: cogs.acoes
2026-07-31 21:34:34 | INFO | Cog carregada: cogs.inventario
2026-07-31 21:34:34 | INFO | Cog carregada: cogs.npcs
2026-07-31 21:34:34 | ERROR | Falha ao carregar cog cogs.casas: Extension 'cogs.casas' raised an error: SyntaxError: f-string: expecting '=', or '!', or ':', or '}' (casas.py, line 128)
2026-07-31 21:34:34 | ERROR | Traceback (most recent call last):
  File "/data/data/com.termux/files/usr/lib/python3.13/site-packages/discord/ext/commands/bot.py", line 962, in _load_from_module_spec
    spec.loader.exec_module(lib)  # type: ignore
    ~~~~~~~~~~~~~~~~~~~~~~~^^^^^
  File "<frozen importlib._bootstrap_external>", line 1019, in exec_module
  File "<frozen importlib._bootstrap_external>", line 1157, in get_code
  File "<frozen importlib._bootstrap_external>", line 1087, in source_to_code
  File "<frozen importlib._bootstrap>", line 488, in _call_with_frames_removed
  File "/data/data/com.termux/files/home/Econonelo/rpbot/cogs/casas.py", line 128
    await ctx.reply(embed=embed_erro("Tipo inválido", f"Opções: {', '.join(TIPOS_CASA.keys(, ephemeral=True))}"))
                                                                          ^
SyntaxError: f-string: expecting '=', or '!', or ':', or '}'

The above exception was the direct cause of the following exception:

Traceback (most recent call last):
  File "/data/data/com.termux/files/home/Econonelo/rpbot/bot.py", line 133, in main
    await bot.load_extension(cog)
  File "/data/data/com.termux/files/usr/lib/python3.13/site-packages/discord/ext/commands/bot.py", line 1040, in load_extension
    await self._load_from_module_spec(spec, name)
  File "/data/data/com.termux/files/usr/lib/python3.13/site-packages/discord/ext/commands/bot.py", line 965, in _load_from_module_spec
    raise errors.ExtensionFailed(key, e) from e
discord.ext.commands.errors.ExtensionFailed: Extension 'cogs.casas' raised an error: SyntaxError: f-string: expecting '=', or '!', or ':', or '}' (casas.py, line 128)

2026-07-31 21:34:34 | ERROR | Falha ao carregar cog cogs.veiculos: Extension 'cogs.veiculos' raised an error: SyntaxError: f-string: expecting '=', or '!', or ':', or '}' (veiculos.py, line 143)
2026-07-31 21:34:34 | ERROR | Traceback (most recent call last):
  File "/data/data/com.termux/files/usr/lib/python3.13/site-packages/discord/ext/commands/bot.py", line 962, in _load_from_module_spec
    spec.loader.exec_module(lib)  # type: ignore
    ~~~~~~~~~~~~~~~~~~~~~~~^^^^^
  File "<frozen importlib._bootstrap_external>", line 1019, in exec_module
  File "<frozen importlib._bootstrap_external>", line 1157, in get_code
  File "<frozen importlib._bootstrap_external>", line 1087, in source_to_code
  File "<frozen importlib._bootstrap>", line 488, in _call_with_frames_removed
  File "/data/data/com.termux/files/home/Econonelo/rpbot/cogs/veiculos.py", line 143
    await ctx.reply(embed=embed_erro("Modelo inválido", f"Opções: {', '.join(MODELOS_DISPONIVEIS.keys(, ephemeral=True))}"))
                                                                            ^
SyntaxError: f-string: expecting '=', or '!', or ':', or '}'

The above exception was the direct cause of the following exception:

Traceback (most recent call last):
  File "/data/data/com.termux/files/home/Econonelo/rpbot/bot.py", line 133, in main
    await bot.load_extension(cog)
  File "/data/data/com.termux/files/usr/lib/python3.13/site-packages/discord/ext/commands/bot.py", line 1040, in load_extension
    await self._load_from_module_spec(spec, name)
  File "/data/data/com.termux/files/usr/lib/python3.13/site-packages/discord/ext/commands/bot.py", line 965, in _load_from_module_spec
    raise errors.ExtensionFailed(key, e) from e
discord.ext.commands.errors.ExtensionFailed: Extension 'cogs.veiculos' raised an error: SyntaxError: f-string: expecting '=', or '!', or ':', or '}' (veiculos.py, line 143)

2026-07-31 21:34:34 | ERROR | Falha ao carregar cog cogs.locais: Extension 'cogs.locais' raised an error: SyntaxError: f-string: expecting '=', or '!', or ':', or '}' (locais.py, line 125)
2026-07-31 21:34:34 | ERROR | Traceback (most recent call last):
  File "/data/data/com.termux/files/usr/lib/python3.13/site-packages/discord/ext/commands/bot.py", line 962, in _load_from_module_spec
    spec.loader.exec_module(lib)  # type: ignore
    ~~~~~~~~~~~~~~~~~~~~~~~^^^^^
  File "<frozen importlib._bootstrap_external>", line 1019, in exec_module
  File "<frozen importlib._bootstrap_external>", line 1157, in get_code
  File "<frozen importlib._bootstrap_external>", line 1087, in source_to_code
  File "<frozen importlib._bootstrap>", line 488, in _call_with_frames_removed
  File "/data/data/com.termux/files/home/Econonelo/rpbot/cogs/locais.py", line 125
    await ctx.reply(embed=embed_info("Mundo já populado", f"Já existem {db.contar_locais(, ephemeral=True)} locais cadastrados."))
                                                                                        ^
SyntaxError: f-string: expecting '=', or '!', or ':', or '}'

The above exception was the direct cause of the following exception:

Traceback (most recent call last):
  File "/data/data/com.termux/files/home/Econonelo/rpbot/bot.py", line 133, in main
    await bot.load_extension(cog)
  File "/data/data/com.termux/files/usr/lib/python3.13/site-packages/discord/ext/commands/bot.py", line 1040, in load_extension
    await self._load_from_module_spec(spec, name)
  File "/data/data/com.termux/files/usr/lib/python3.13/site-packages/discord/ext/commands/bot.py", line 965, in _load_from_module_spec
    raise errors.ExtensionFailed(key, e) from e
discord.ext.commands.errors.ExtensionFailed: Extension 'cogs.locais' raised an error: SyntaxError: f-string: expecting '=', or '!', or ':', or '}' (locais.py, line 125)

2026-07-31 21:34:34 | INFO | Cog carregada: cogs.balanceamento
2026-07-31 21:34:34 | INFO | Cog carregada: cogs.minigames
2026-07-31 21:34:34 | INFO | Cog carregada: cogs.justica
2026-07-31 21:34:34 | INFO | Cog carregada: cogs.educacao
2026-07-31 21:34:34 | INFO | Cog carregada: cogs.ia_mundo
2026-07-31 21:34:34 | INFO | Cog carregada: cogs.profissional
2026-07-31 21:34:34 | INFO | Cog carregada: cogs.editar
2026-07-31 21:34:34 | INFO | Cog carregada: cogs.comandos_exclusivos
2026-07-31 21:34:34 | INFO | Cog carregada: cogs.corrupcao
2026-07-31 21:34:34 | INFO | Cog carregada: cogs.concursos
2026-07-31 21:34:34 | INFO | Cog carregada: cogs.aulas
2026-07-31 21:34:34 | INFO | Cog carregada: cogs.empresas
2026-07-31 21:34:34 | INFO | Cog carregada: cogs.viagem
2026-07-31 21:34:34 | INFO | Cog carregada: cogs.relacionamentos
2026-07-31 21:34:34 | INFO | Cog carregada: cogs.delivery
2026-07-31 21:34:34 | INFO | Cog carregada: cogs.ia_empresas
2026-07-31 21:34:34 | INFO | Cog carregada: cogs.clima
2026-07-31 21:34:34 | INFO | Cog carregada: cogs.cpf
2026-07-31 21:34:34 | INFO | Cog carregada: cogs.heranca
2026-07-31 21:34:34 | INFO | Cog carregada: cogs.menu
2026-07-31 21:34:34 | INFO | Cog carregada: cogs.agressao
2026-07-31 21:34:34 | INFO | Cog carregada: cogs.acao_privada
2026-07-31 21:34:34 | INFO | Cog carregada: cogs.news
2026-07-31 21:34:34 | INFO | Cog carregada: cogs.admin_ativacao
2026-07-31 21:34:38 | INFO | Bot conectado como Econonelo RP#9444 (ID: 1532558409356939284)
2026-07-31 21:34:38 | INFO | Prefixo ativo: ?
2026-07-31 21:48:24 | INFO | ACAO | BOT_INICIANDO | carregando banco e cogs
2026-07-31 21:48:24 | INFO | ACAO | BANCO_INICIADO | schema_version=24
2026-07-31 21:48:24 | ERROR | Falha ao carregar cog cogs.personagem: Extension 'cogs.personagem' raised an error: SyntaxError: f-string: expecting '=', or '!', or ':', or '}' (personagem.py, line 38)
2026-07-31 21:48:24 | ERROR | Traceback (most recent call last):
  File "/data/data/com.termux/files/usr/lib/python3.13/site-packages/discord/ext/commands/bot.py", line 962, in _load_from_module_spec
    spec.loader.exec_module(lib)  # type: ignore
    ~~~~~~~~~~~~~~~~~~~~~~~^^^^^
  File "<frozen importlib._bootstrap_external>", line 1019, in exec_module
  File "<frozen importlib._bootstrap_external>", line 1157, in get_code
  File "<frozen importlib._bootstrap_external>", line 1087, in source_to_code
  File "<frozen importlib._bootstrap>", line 488, in _call_with_frames_removed
  File "/data/data/com.termux/files/home/Econonelo/rpbot/cogs/personagem.py", line 38
    await ctx.reply(embed=embed_erro("Nome inválido", f"{mensagem_nome_invalido(, ephemeral=True)}\n\n❌ {validacao['motivo']}"))
                                                                               ^
SyntaxError: f-string: expecting '=', or '!', or ':', or '}'

The above exception was the direct cause of the following exception:

Traceback (most recent call last):
  File "/data/data/com.termux/files/home/Econonelo/rpbot/bot.py", line 133, in main
    await bot.load_extension(cog)
  File "/data/data/com.termux/files/usr/lib/python3.13/site-packages/discord/ext/commands/bot.py", line 1040, in load_extension
    await self._load_from_module_spec(spec, name)
  File "/data/data/com.termux/files/usr/lib/python3.13/site-packages/discord/ext/commands/bot.py", line 965, in _load_from_module_spec
    raise errors.ExtensionFailed(key, e) from e
discord.ext.commands.errors.ExtensionFailed: Extension 'cogs.personagem' raised an error: SyntaxError: f-string: expecting '=', or '!', or ':', or '}' (personagem.py, line 38)

2026-07-31 21:48:24 | INFO | Cog carregada: cogs.familia
2026-07-31 21:48:24 | INFO | Cog carregada: cogs.oab
2026-07-31 21:48:24 | INFO | Cog carregada: cogs.provas
2026-07-31 21:48:24 | INFO | Cog carregada: cogs.emergencia
2026-07-31 21:48:24 | INFO | Cog carregada: cogs.profissoes
2026-07-31 21:48:24 | INFO | Cog carregada: cogs.economia
2026-07-31 21:48:24 | INFO | Cog carregada: cogs.eventos
2026-07-31 21:48:24 | INFO | Cog carregada: cogs.ajuda
2026-07-31 21:48:24 | INFO | Cog carregada: cogs.status
2026-07-31 21:48:24 | INFO | Cog carregada: cogs.acoes
2026-07-31 21:48:24 | INFO | Cog carregada: cogs.inventario
2026-07-31 21:48:24 | INFO | Cog carregada: cogs.npcs
2026-07-31 21:48:24 | ERROR | Falha ao carregar cog cogs.casas: Extension 'cogs.casas' raised an error: SyntaxError: f-string: expecting '=', or '!', or ':', or '}' (casas.py, line 128)
2026-07-31 21:48:24 | ERROR | Traceback (most recent call last):
  File "/data/data/com.termux/files/usr/lib/python3.13/site-packages/discord/ext/commands/bot.py", line 962, in _load_from_module_spec
    spec.loader.exec_module(lib)  # type: ignore
    ~~~~~~~~~~~~~~~~~~~~~~~^^^^^
  File "<frozen importlib._bootstrap_external>", line 1019, in exec_module
  File "<frozen importlib._bootstrap_external>", line 1157, in get_code
  File "<frozen importlib._bootstrap_external>", line 1087, in source_to_code
  File "<frozen importlib._bootstrap>", line 488, in _call_with_frames_removed
  File "/data/data/com.termux/files/home/Econonelo/rpbot/cogs/casas.py", line 128
    await ctx.reply(embed=embed_erro("Tipo inválido", f"Opções: {', '.join(TIPOS_CASA.keys(, ephemeral=True))}"))
                                                                          ^
SyntaxError: f-string: expecting '=', or '!', or ':', or '}'

The above exception was the direct cause of the following exception:

Traceback (most recent call last):
  File "/data/data/com.termux/files/home/Econonelo/rpbot/bot.py", line 133, in main
    await bot.load_extension(cog)
  File "/data/data/com.termux/files/usr/lib/python3.13/site-packages/discord/ext/commands/bot.py", line 1040, in load_extension
    await self._load_from_module_spec(spec, name)
  File "/data/data/com.termux/files/usr/lib/python3.13/site-packages/discord/ext/commands/bot.py", line 965, in _load_from_module_spec
    raise errors.ExtensionFailed(key, e) from e
discord.ext.commands.errors.ExtensionFailed: Extension 'cogs.casas' raised an error: SyntaxError: f-string: expecting '=', or '!', or ':', or '}' (casas.py, line 128)

2026-07-31 21:48:24 | ERROR | Falha ao carregar cog cogs.veiculos: Extension 'cogs.veiculos' raised an error: SyntaxError: f-string: expecting '=', or '!', or ':', or '}' (veiculos.py, line 143)
2026-07-31 21:48:24 | ERROR | Traceback (most recent call last):
  File "/data/data/com.termux/files/usr/lib/python3.13/site-packages/discord/ext/commands/bot.py", line 962, in _load_from_module_spec
    spec.loader.exec_module(lib)  # type: ignore
    ~~~~~~~~~~~~~~~~~~~~~~~^^^^^
  File "<frozen importlib._bootstrap_external>", line 1019, in exec_module
  File "<frozen importlib._bootstrap_external>", line 1157, in get_code
  File "<frozen importlib._bootstrap_external>", line 1087, in source_to_code
  File "<frozen importlib._bootstrap>", line 488, in _call_with_frames_removed
  File "/data/data/com.termux/files/home/Econonelo/rpbot/cogs/veiculos.py", line 143
    await ctx.reply(embed=embed_erro("Modelo inválido", f"Opções: {', '.join(MODELOS_DISPONIVEIS.keys(, ephemeral=True))}"))
                                                                            ^
SyntaxError: f-string: expecting '=', or '!', or ':', or '}'

The above exception was the direct cause of the following exception:

Traceback (most recent call last):
  File "/data/data/com.termux/files/home/Econonelo/rpbot/bot.py", line 133, in main
    await bot.load_extension(cog)
  File "/data/data/com.termux/files/usr/lib/python3.13/site-packages/discord/ext/commands/bot.py", line 1040, in load_extension
    await self._load_from_module_spec(spec, name)
  File "/data/data/com.termux/files/usr/lib/python3.13/site-packages/discord/ext/commands/bot.py", line 965, in _load_from_module_spec
    raise errors.ExtensionFailed(key, e) from e
discord.ext.commands.errors.ExtensionFailed: Extension 'cogs.veiculos' raised an error: SyntaxError: f-string: expecting '=', or '!', or ':', or '}' (veiculos.py, line 143)

2026-07-31 21:48:25 | ERROR | Falha ao carregar cog cogs.locais: Extension 'cogs.locais' raised an error: SyntaxError: f-string: expecting '=', or '!', or ':', or '}' (locais.py, line 125)
2026-07-31 21:48:25 | ERROR | Traceback (most recent call last):
  File "/data/data/com.termux/files/usr/lib/python3.13/site-packages/discord/ext/commands/bot.py", line 962, in _load_from_module_spec
    spec.loader.exec_module(lib)  # type: ignore
    ~~~~~~~~~~~~~~~~~~~~~~~^^^^^
  File "<frozen importlib._bootstrap_external>", line 1019, in exec_module
  File "<frozen importlib._bootstrap_external>", line 1157, in get_code
  File "<frozen importlib._bootstrap_external>", line 1087, in source_to_code
  File "<frozen importlib._bootstrap>", line 488, in _call_with_frames_removed
  File "/data/data/com.termux/files/home/Econonelo/rpbot/cogs/locais.py", line 125
    await ctx.reply(embed=embed_info("Mundo já populado", f"Já existem {db.contar_locais(, ephemeral=True)} locais cadastrados."))
                                                                                        ^
SyntaxError: f-string: expecting '=', or '!', or ':', or '}'

The above exception was the direct cause of the following exception:

Traceback (most recent call last):
  File "/data/data/com.termux/files/home/Econonelo/rpbot/bot.py", line 133, in main
    await bot.load_extension(cog)
  File "/data/data/com.termux/files/usr/lib/python3.13/site-packages/discord/ext/commands/bot.py", line 1040, in load_extension
    await self._load_from_module_spec(spec, name)
  File "/data/data/com.termux/files/usr/lib/python3.13/site-packages/discord/ext/commands/bot.py", line 965, in _load_from_module_spec
    raise errors.ExtensionFailed(key, e) from e
discord.ext.commands.errors.ExtensionFailed: Extension 'cogs.locais' raised an error: SyntaxError: f-string: expecting '=', or '!', or ':', or '}' (locais.py, line 125)

2026-07-31 21:48:25 | INFO | Cog carregada: cogs.balanceamento
2026-07-31 21:48:25 | ERROR | Falha ao carregar cog cogs.minigames: Extension 'cogs.minigames' raised an error: ImportError: cannot import name 'iniciar_minigame' from 'services.minigames_service' (/data/data/com.termux/files/home/Econonelo/rpbot/services/minigames_service.py)
2026-07-31 21:48:25 | ERROR | Traceback (most recent call last):
  File "/data/data/com.termux/files/usr/lib/python3.13/site-packages/discord/ext/commands/bot.py", line 962, in _load_from_module_spec
    spec.loader.exec_module(lib)  # type: ignore
    ~~~~~~~~~~~~~~~~~~~~~~~^^^^^
  File "<frozen importlib._bootstrap_external>", line 1023, in exec_module
  File "<frozen importlib._bootstrap>", line 488, in _call_with_frames_removed
  File "/data/data/com.termux/files/home/Econonelo/rpbot/cogs/minigames.py", line 11, in <module>
    from services.minigames_service import iniciar_minigame, MINIGAMES_POR_PROFISSAO
ImportError: cannot import name 'iniciar_minigame' from 'services.minigames_service' (/data/data/com.termux/files/home/Econonelo/rpbot/services/minigames_service.py)

The above exception was the direct cause of the following exception:

Traceback (most recent call last):
  File "/data/data/com.termux/files/home/Econonelo/rpbot/bot.py", line 133, in main
    await bot.load_extension(cog)
  File "/data/data/com.termux/files/usr/lib/python3.13/site-packages/discord/ext/commands/bot.py", line 1040, in load_extension
    await self._load_from_module_spec(spec, name)
  File "/data/data/com.termux/files/usr/lib/python3.13/site-packages/discord/ext/commands/bot.py", line 965, in _load_from_module_spec
    raise errors.ExtensionFailed(key, e) from e
discord.ext.commands.errors.ExtensionFailed: Extension 'cogs.minigames' raised an error: ImportError: cannot import name 'iniciar_minigame' from 'services.minigames_service' (/data/data/com.termux/files/home/Econonelo/rpbot/services/minigames_service.py)

2026-07-31 21:48:25 | INFO | Cog carregada: cogs.justica
2026-07-31 21:48:25 | INFO | Cog carregada: cogs.educacao
2026-07-31 21:48:25 | INFO | Cog carregada: cogs.ia_mundo
2026-07-31 21:48:25 | INFO | Cog carregada: cogs.profissional
2026-07-31 21:48:25 | INFO | Cog carregada: cogs.editar
2026-07-31 21:48:25 | INFO | Cog carregada: cogs.comandos_exclusivos
2026-07-31 21:48:25 | INFO | Cog carregada: cogs.corrupcao
2026-07-31 21:48:25 | INFO | Cog carregada: cogs.concursos
2026-07-31 21:48:25 | INFO | Cog carregada: cogs.aulas
2026-07-31 21:48:25 | INFO | Cog carregada: cogs.empresas
2026-07-31 21:48:25 | INFO | Cog carregada: cogs.viagem
2026-07-31 21:48:25 | INFO | Cog carregada: cogs.relacionamentos
2026-07-31 21:48:25 | INFO | Cog carregada: cogs.delivery
2026-07-31 21:48:25 | INFO | Cog carregada: cogs.ia_empresas
2026-07-31 21:48:25 | INFO | Cog carregada: cogs.clima
2026-07-31 21:48:25 | INFO | Cog carregada: cogs.cpf
2026-07-31 21:48:25 | INFO | Cog carregada: cogs.heranca
2026-07-31 21:48:25 | INFO | Cog carregada: cogs.menu
2026-07-31 21:48:25 | INFO | Cog carregada: cogs.agressao
2026-07-31 21:48:25 | INFO | Cog carregada: cogs.acao_privada
2026-07-31 21:48:25 | INFO | Cog carregada: cogs.news
2026-07-31 21:48:25 | INFO | Cog carregada: cogs.admin_ativacao
2026-07-31 21:48:29 | INFO | Bot conectado como Econonelo RP#9444 (ID: 1532558409356939284)
2026-07-31 21:48:29 | INFO | Prefixo ativo: ?
2026-07-31 21:49:40 | ERROR | Erro no comando empresas (user=501786436425744387): Command raised an exception: AttributeError: module 'database' has no attribute 'listar_empresas'
2026-07-31 21:49:40 | ERROR | NoneType: None

2026-07-31 21:49:40 | INFO | ACAO | ERRO_COMANDO | cmd=empresas user=501786436425744387 error=Command raised an exception: AttributeError: module 'database' has no attribute 'listar_empresas'
2026-07-31 21:49:53 | ERROR | Erro no comando empresas (user=501786436425744387): Command raised an exception: AttributeError: module 'database' has no attribute 'listar_empresas'
2026-07-31 21:49:53 | ERROR | NoneType: None

2026-07-31 21:49:53 | INFO | ACAO | ERRO_COMANDO | cmd=empresas user=501786436425744387 error=Command raised an exception: AttributeError: module 'database' has no attribute 'listar_empresas'
2026-07-31 21:50:00 | ERROR | Erro no comando vagas (user=501786436425744387): Command raised an exception: AttributeError: module 'database' has no attribute 'listar_vagas'
2026-07-31 21:50:00 | ERROR | NoneType: None

2026-07-31 21:50:00 | INFO | ACAO | ERRO_COMANDO | cmd=vagas user=501786436425744387 error=Command raised an exception: AttributeError: module 'database' has no attribute 'listar_vagas'
2026-07-31 22:04:44 | INFO | 🌍 Iniciando população automática do mundo...
2026-07-31 22:04:44 | INFO | ACAO | EMPRESA_CRIADA | id=assaí nome=Assaí Atacadista
2026-07-31 22:04:44 | INFO | ACAO | EMPRESA_CRIADA | id=atacadao nome=Atacadão
2026-07-31 22:04:44 | INFO | ACAO | EMPRESA_CRIADA | id=mixmateus nome=Mix Mateus
2026-07-31 22:04:44 | INFO | ACAO | EMPRESA_CRIADA | id=carrefour nome=Carrefour
2026-07-31 22:04:44 | INFO | ACAO | EMPRESA_CRIADA | id=mcdonalds nome=McDonald's
2026-07-31 22:04:44 | INFO | ACAO | EMPRESA_CRIADA | id=burgerking nome=Burger King
2026-07-31 22:04:44 | INFO | ACAO | EMPRESA_CRIADA | id=habibs nome=Habib's
2026-07-31 22:04:44 | INFO | ACAO | EMPRESA_CRIADA | id=spoleto nome=Spoleto
2026-07-31 22:04:45 | INFO | ACAO | EMPRESA_CRIADA | id=renner nome=Lojas Renner
2026-07-31 22:04:45 | INFO | ACAO | EMPRESA_CRIADA | id=riachuelo nome=Riachuelo
2026-07-31 22:04:45 | INFO | ACAO | EMPRESA_CRIADA | id=ce&a nome=C&A
2026-07-31 22:04:45 | INFO | ACAO | EMPRESA_CRIADA | id=drogasil nome=Drogasil
2026-07-31 22:04:45 | INFO | ACAO | EMPRESA_CRIADA | id=raiadrogasil nome=Raia Drogasil
2026-07-31 22:04:45 | INFO | ACAO | EMPRESAS_POPULADAS | total=13
2026-07-31 22:04:45 | INFO |   🏢 13 empresas populadas
2026-07-31 22:04:45 | INFO |   🎓 0 cursos populados
2026-07-31 22:04:45 | INFO | ACAO | ERRO_SEED_NPCS | name 'time' is not defined
2026-07-31 22:04:45 | INFO | ACAO | LOCAL_CRIADO | id=1 nome=Hospital das Clínicas tipo=hospital
2026-07-31 22:04:45 | INFO | ACAO | LOCAL_CRIADO | id=2 nome=USP tipo=universidade
2026-07-31 22:04:45 | INFO | ACAO | LOCAL_CRIADO | id=3 nome=Restaurante Fasano tipo=restaurante
2026-07-31 22:04:45 | INFO | ACAO | LOCAL_CRIADO | id=4 nome=Pão de Açúcar Jardins tipo=mercado
2026-07-31 22:04:45 | INFO | ACAO | LOCAL_CRIADO | id=5 nome=Drogasil Paulista tipo=farmacia
2026-07-31 22:04:45 | INFO | ACAO | LOCAL_CRIADO | id=6 nome=1º DP Consolação tipo=delegacia
2026-07-31 22:04:45 | INFO | ACAO | LOCAL_CRIADO | id=7 nome=Fórum João Mendes tipo=forum
2026-07-31 22:04:45 | INFO | ACAO | LOCAL_CRIADO | id=8 nome=Allianz Parque tipo=estadio
2026-07-31 22:04:45 | INFO | ACAO | LOCAL_CRIADO | id=9 nome=Parque Ibirapuera tipo=parque
2026-07-31 22:04:45 | INFO | ACAO | LOCAL_CRIADO | id=10 nome=Banco do Brasil Paulista tipo=banco
2026-07-31 22:04:45 | INFO | ACAO | LOCAL_CRIADO | id=11 nome=Lotérica Paulista tipo=loterica
2026-07-31 22:04:45 | INFO | ACAO | LOCAL_CRIADO | id=12 nome=Catedral da Sé tipo=igreja
2026-07-31 22:04:45 | INFO | ACAO | LOCAL_CRIADO | id=13 nome=Shopping Ibirapuera tipo=shopping
2026-07-31 22:04:45 | INFO | ACAO | LOCAL_CRIADO | id=14 nome=Hospital Copa D'Or tipo=hospital
2026-07-31 22:04:45 | INFO | ACAO | LOCAL_CRIADO | id=15 nome=UFRJ tipo=universidade
2026-07-31 22:04:45 | INFO | ACAO | LOCAL_CRIADO | id=16 nome=Restaurante Aprazível tipo=restaurante
2026-07-31 22:04:45 | INFO | ACAO | LOCAL_CRIADO | id=17 nome=Pão de Açúcar Copacabana tipo=mercado
2026-07-31 22:04:45 | INFO | ACAO | LOCAL_CRIADO | id=18 nome=Drogaria Pacheco Ipanema tipo=farmacia
2026-07-31 22:04:45 | INFO | ACAO | LOCAL_CRIADO | id=19 nome=16ª DP Copacabana tipo=delegacia
2026-07-31 22:04:45 | INFO | ACAO | LOCAL_CRIADO | id=20 nome=Fórum da Capital RJ tipo=forum
2026-07-31 22:04:45 | INFO | ACAO | LOCAL_CRIADO | id=21 nome=Maracanã tipo=estadio
2026-07-31 22:04:45 | INFO | ACAO | LOCAL_CRIADO | id=22 nome=Praia de Copacabana tipo=praia
2026-07-31 22:04:45 | INFO | ACAO | LOCAL_CRIADO | id=23 nome=Praia de Ipanema tipo=praia
2026-07-31 22:04:45 | INFO | ACAO | LOCAL_CRIADO | id=24 nome=Parque Lage tipo=parque
2026-07-31 22:04:46 | INFO | ACAO | LOCAL_CRIADO | id=25 nome=Bradesco Ipanema tipo=banco
2026-07-31 22:04:46 | INFO | ACAO | LOCAL_CRIADO | id=26 nome=Igreja de Candelária tipo=igreja
2026-07-31 22:04:46 | INFO | ACAO | LOCAL_CRIADO | id=27 nome=Shopping Rio Sul tipo=shopping
2026-07-31 22:04:46 | INFO | ACAO | LOCAL_CRIADO | id=28 nome=Hospital Biocor tipo=hospital
2026-07-31 22:04:46 | INFO | ACAO | LOCAL_CRIADO | id=29 nome=UFMG tipo=universidade
2026-07-31 22:04:46 | INFO | ACAO | LOCAL_CRIADO | id=30 nome=1ª Delegacia Regional tipo=delegacia
2026-07-31 22:04:46 | INFO | ACAO | LOCAL_CRIADO | id=31 nome=Mineirão tipo=estadio
2026-07-31 22:04:46 | INFO | ACAO | LOCAL_CRIADO | id=32 nome=Parque Municipal tipo=parque
2026-07-31 22:04:46 | INFO | ACAO | LOCAL_CRIADO | id=33 nome=Igreja São Francisco tipo=igreja
2026-07-31 22:04:46 | INFO | ACAO | LOCAL_CRIADO | id=34 nome=Shopping Diamond Mall tipo=shopping
2026-07-31 22:04:46 | INFO | ACAO | LOCAL_CRIADO | id=35 nome=Hospital de Clínicas UFPR tipo=hospital
2026-07-31 22:04:46 | INFO | ACAO | LOCAL_CRIADO | id=36 nome=UFPR tipo=universidade
2026-07-31 22:04:46 | INFO | ACAO | LOCAL_CRIADO | id=37 nome=Arena da Baixada tipo=estadio
2026-07-31 22:04:46 | INFO | ACAO | LOCAL_CRIADO | id=38 nome=Parque Tanguá tipo=parque
2026-07-31 22:04:46 | INFO | ACAO | LOCAL_CRIADO | id=39 nome=Jardim Botânico tipo=parque
2026-07-31 22:04:46 | INFO | ACAO | LOCAL_CRIADO | id=40 nome=Shopping Curitiba tipo=shopping
2026-07-31 22:04:46 | INFO | ACAO | LOCAL_CRIADO | id=41 nome=Hospital São Lucas PUC tipo=hospital
2026-07-31 22:04:46 | INFO | ACAO | LOCAL_CRIADO | id=42 nome=UFRGS tipo=universidade
2026-07-31 22:04:46 | INFO | ACAO | LOCAL_CRIADO | id=43 nome=Arena do Grêmio tipo=estadio
2026-07-31 22:04:46 | INFO | ACAO | LOCAL_CRIADO | id=44 nome=Beira-Rio tipo=estadio
2026-07-31 22:04:46 | INFO | ACAO | LOCAL_CRIADO | id=45 nome=Parque Farroupilha tipo=parque
2026-07-31 22:04:46 | INFO | ACAO | LOCAL_CRIADO | id=46 nome=Shopping Iguatemi POA tipo=shopping
2026-07-31 22:04:46 | INFO | ACAO | LOCAL_CRIADO | id=47 nome=Hospital Espanhol tipo=hospital
2026-07-31 22:04:46 | INFO | ACAO | LOCAL_CRIADO | id=48 nome=UFBA tipo=universidade
2026-07-31 22:04:46 | INFO | ACAO | LOCAL_CRIADO | id=49 nome=Praia do Porto da Barra tipo=praia
2026-07-31 22:04:46 | INFO | ACAO | LOCAL_CRIADO | id=50 nome=Farol da Barra tipo=praia
2026-07-31 22:04:46 | INFO | ACAO | LOCAL_CRIADO | id=51 nome=Pelourinho tipo=parque
2026-07-31 22:04:46 | INFO | ACAO | LOCAL_CRIADO | id=52 nome=Igreja São Francisco tipo=igreja
2026-07-31 22:04:46 | INFO | ACAO | LOCAL_CRIADO | id=53 nome=Shopping Barra tipo=shopping
2026-07-31 22:04:46 | INFO | ACAO | MUNDO_POPULADO | locais_criados=53
2026-07-31 22:04:46 | INFO |   📍 53 locais populados
2026-07-31 22:04:46 | INFO | ACAO | ERRO_SEED_CASAS | name 'time' is not defined
2026-07-31 22:04:46 | INFO | ACAO | ERRO_SEED_VEICULOS | name 'time' is not defined
2026-07-31 22:04:46 | INFO | ACAO | CONCURSOS_POPULADOS | total=5
2026-07-31 22:04:46 | INFO |   📋 5 concursos populados
2026-07-31 22:04:46 | INFO | ACAO | ESTADO_MUNDO_ATUALIZADO | mundo_populado = 1
2026-07-31 22:04:46 | INFO | ACAO | ESTADO_MUNDO_ATUALIZADO | mundo_populado_em = 1785546286.4618812
2026-07-31 22:04:46 | INFO | 🌍 População do mundo concluída!
2026-08-01 08:56:46 | INFO | ACAO | BOT_INICIANDO | carregando banco e cogs
2026-08-01 08:56:46 | INFO | ACAO | BANCO_INICIADO | schema_version=24
2026-08-01 08:57:41 | INFO | ACAO | BOT_INICIANDO | carregando banco e cogs
2026-08-01 08:57:41 | INFO | ACAO | BANCO_INICIADO | schema_version=24
2026-08-01 08:57:41 | ERROR | Falha ao carregar cog cogs.personagem: Extension 'cogs.personagem' raised an error: SyntaxError: f-string: expecting '=', or '!', or ':', or '}' (personagem.py, line 38)
2026-08-01 08:57:41 | ERROR | Traceback (most recent call last):
  File "/data/data/com.termux/files/usr/lib/python3.13/site-packages/discord/ext/commands/bot.py", line 962, in _load_from_module_spec
    spec.loader.exec_module(lib)  # type: ignore
    ~~~~~~~~~~~~~~~~~~~~~~~^^^^^
  File "<frozen importlib._bootstrap_external>", line 1019, in exec_module
  File "<frozen importlib._bootstrap_external>", line 1157, in get_code
  File "<frozen importlib._bootstrap_external>", line 1087, in source_to_code
  File "<frozen importlib._bootstrap>", line 488, in _call_with_frames_removed
  File "/data/data/com.termux/files/home/Econonelo/rpbot/cogs/personagem.py", line 38
    await ctx.reply(embed=embed_erro("Nome inválido", f"{mensagem_nome_invalido(, ephemeral=True)}\n\n❌ {validacao['motivo']}"))
                                                                               ^
SyntaxError: f-string: expecting '=', or '!', or ':', or '}'

The above exception was the direct cause of the following exception:

Traceback (most recent call last):
  File "/data/data/com.termux/files/home/Econonelo/rpbot/bot.py", line 138, in main
    await bot.load_extension(cog)
  File "/data/data/com.termux/files/usr/lib/python3.13/site-packages/discord/ext/commands/bot.py", line 1040, in load_extension
    await self._load_from_module_spec(spec, name)
  File "/data/data/com.termux/files/usr/lib/python3.13/site-packages/discord/ext/commands/bot.py", line 965, in _load_from_module_spec
    raise errors.ExtensionFailed(key, e) from e
discord.ext.commands.errors.ExtensionFailed: Extension 'cogs.personagem' raised an error: SyntaxError: f-string: expecting '=', or '!', or ':', or '}' (personagem.py, line 38)

2026-08-01 08:57:41 | INFO | Cog carregada: cogs.familia
2026-08-01 08:57:41 | INFO | Cog carregada: cogs.oab
2026-08-01 08:57:41 | INFO | Cog carregada: cogs.provas
2026-08-01 08:57:41 | INFO | Cog carregada: cogs.emergencia
2026-08-01 08:57:41 | INFO | Cog carregada: cogs.profissoes
2026-08-01 08:57:41 | INFO | Cog carregada: cogs.economia
2026-08-01 08:57:41 | INFO | Cog carregada: cogs.eventos
2026-08-01 08:57:41 | INFO | Cog carregada: cogs.ajuda
2026-08-01 08:57:41 | INFO | Cog carregada: cogs.status
2026-08-01 08:57:41 | INFO | Cog carregada: cogs.acoes
2026-08-01 08:57:41 | INFO | Cog carregada: cogs.inventario
2026-08-01 08:57:41 | INFO | Cog carregada: cogs.npcs
2026-08-01 08:57:41 | ERROR | Falha ao carregar cog cogs.casas: Extension 'cogs.casas' raised an error: SyntaxError: f-string: expecting '=', or '!', or ':', or '}' (casas.py, line 128)
2026-08-01 08:57:41 | ERROR | Traceback (most recent call last):
  File "/data/data/com.termux/files/usr/lib/python3.13/site-packages/discord/ext/commands/bot.py", line 962, in _load_from_module_spec
    spec.loader.exec_module(lib)  # type: ignore
    ~~~~~~~~~~~~~~~~~~~~~~~^^^^^
  File "<frozen importlib._bootstrap_external>", line 1019, in exec_module
  File "<frozen importlib._bootstrap_external>", line 1157, in get_code
  File "<frozen importlib._bootstrap_external>", line 1087, in source_to_code
  File "<frozen importlib._bootstrap>", line 488, in _call_with_frames_removed
  File "/data/data/com.termux/files/home/Econonelo/rpbot/cogs/casas.py", line 128
    await ctx.reply(embed=embed_erro("Tipo inválido", f"Opções: {', '.join(TIPOS_CASA.keys(, ephemeral=True))}"))
                                                                          ^
SyntaxError: f-string: expecting '=', or '!', or ':', or '}'

The above exception was the direct cause of the following exception:

Traceback (most recent call last):
  File "/data/data/com.termux/files/home/Econonelo/rpbot/bot.py", line 138, in main
    await bot.load_extension(cog)
  File "/data/data/com.termux/files/usr/lib/python3.13/site-packages/discord/ext/commands/bot.py", line 1040, in load_extension
    await self._load_from_module_spec(spec, name)
  File "/data/data/com.termux/files/usr/lib/python3.13/site-packages/discord/ext/commands/bot.py", line 965, in _load_from_module_spec
    raise errors.ExtensionFailed(key, e) from e
discord.ext.commands.errors.ExtensionFailed: Extension 'cogs.casas' raised an error: SyntaxError: f-string: expecting '=', or '!', or ':', or '}' (casas.py, line 128)

2026-08-01 08:57:41 | ERROR | Falha ao carregar cog cogs.veiculos: Extension 'cogs.veiculos' raised an error: SyntaxError: f-string: expecting '=', or '!', or ':', or '}' (veiculos.py, line 143)
2026-08-01 08:57:41 | ERROR | Traceback (most recent call last):
  File "/data/data/com.termux/files/usr/lib/python3.13/site-packages/discord/ext/commands/bot.py", line 962, in _load_from_module_spec
    spec.loader.exec_module(lib)  # type: ignore
    ~~~~~~~~~~~~~~~~~~~~~~~^^^^^
  File "<frozen importlib._bootstrap_external>", line 1019, in exec_module
  File "<frozen importlib._bootstrap_external>", line 1157, in get_code
  File "<frozen importlib._bootstrap_external>", line 1087, in source_to_code
  File "<frozen importlib._bootstrap>", line 488, in _call_with_frames_removed
  File "/data/data/com.termux/files/home/Econonelo/rpbot/cogs/veiculos.py", line 143
    await ctx.reply(embed=embed_erro("Modelo inválido", f"Opções: {', '.join(MODELOS_DISPONIVEIS.keys(, ephemeral=True))}"))
                                                                            ^
SyntaxError: f-string: expecting '=', or '!', or ':', or '}'

The above exception was the direct cause of the following exception:

Traceback (most recent call last):
  File "/data/data/com.termux/files/home/Econonelo/rpbot/bot.py", line 138, in main
    await bot.load_extension(cog)
  File "/data/data/com.termux/files/usr/lib/python3.13/site-packages/discord/ext/commands/bot.py", line 1040, in load_extension
    await self._load_from_module_spec(spec, name)
  File "/data/data/com.termux/files/usr/lib/python3.13/site-packages/discord/ext/commands/bot.py", line 965, in _load_from_module_spec
    raise errors.ExtensionFailed(key, e) from e
discord.ext.commands.errors.ExtensionFailed: Extension 'cogs.veiculos' raised an error: SyntaxError: f-string: expecting '=', or '!', or ':', or '}' (veiculos.py, line 143)

2026-08-01 08:57:41 | ERROR | Falha ao carregar cog cogs.locais: Extension 'cogs.locais' raised an error: SyntaxError: f-string: expecting '=', or '!', or ':', or '}' (locais.py, line 125)
2026-08-01 08:57:41 | ERROR | Traceback (most recent call last):
  File "/data/data/com.termux/files/usr/lib/python3.13/site-packages/discord/ext/commands/bot.py", line 962, in _load_from_module_spec
    spec.loader.exec_module(lib)  # type: ignore
    ~~~~~~~~~~~~~~~~~~~~~~~^^^^^
  File "<frozen importlib._bootstrap_external>", line 1019, in exec_module
  File "<frozen importlib._bootstrap_external>", line 1157, in get_code
  File "<frozen importlib._bootstrap_external>", line 1087, in source_to_code
  File "<frozen importlib._bootstrap>", line 488, in _call_with_frames_removed
  File "/data/data/com.termux/files/home/Econonelo/rpbot/cogs/locais.py", line 125
    await ctx.reply(embed=embed_info("Mundo já populado", f"Já existem {db.contar_locais(, ephemeral=True)} locais cadastrados."))
                                                                                        ^
SyntaxError: f-string: expecting '=', or '!', or ':', or '}'

The above exception was the direct cause of the following exception:

Traceback (most recent call last):
  File "/data/data/com.termux/files/home/Econonelo/rpbot/bot.py", line 138, in main
    await bot.load_extension(cog)
  File "/data/data/com.termux/files/usr/lib/python3.13/site-packages/discord/ext/commands/bot.py", line 1040, in load_extension
    await self._load_from_module_spec(spec, name)
  File "/data/data/com.termux/files/usr/lib/python3.13/site-packages/discord/ext/commands/bot.py", line 965, in _load_from_module_spec
    raise errors.ExtensionFailed(key, e) from e
discord.ext.commands.errors.ExtensionFailed: Extension 'cogs.locais' raised an error: SyntaxError: f-string: expecting '=', or '!', or ':', or '}' (locais.py, line 125)

2026-08-01 08:57:41 | INFO | Cog carregada: cogs.balanceamento
2026-08-01 08:57:41 | ERROR | Falha ao carregar cog cogs.minigames: Extension 'cogs.minigames' raised an error: ImportError: cannot import name 'iniciar_minigame' from 'services.minigames_service' (/data/data/com.termux/files/home/Econonelo/rpbot/services/minigames_service.py)
2026-08-01 08:57:41 | ERROR | Traceback (most recent call last):
  File "/data/data/com.termux/files/usr/lib/python3.13/site-packages/discord/ext/commands/bot.py", line 962, in _load_from_module_spec
    spec.loader.exec_module(lib)  # type: ignore
    ~~~~~~~~~~~~~~~~~~~~~~~^^^^^
  File "<frozen importlib._bootstrap_external>", line 1023, in exec_module
  File "<frozen importlib._bootstrap>", line 488, in _call_with_frames_removed
  File "/data/data/com.termux/files/home/Econonelo/rpbot/cogs/minigames.py", line 11, in <module>
    from services.minigames_service import iniciar_minigame, MINIGAMES_POR_PROFISSAO
ImportError: cannot import name 'iniciar_minigame' from 'services.minigames_service' (/data/data/com.termux/files/home/Econonelo/rpbot/services/minigames_service.py)

The above exception was the direct cause of the following exception:

Traceback (most recent call last):
  File "/data/data/com.termux/files/home/Econonelo/rpbot/bot.py", line 138, in main
    await bot.load_extension(cog)
  File "/data/data/com.termux/files/usr/lib/python3.13/site-packages/discord/ext/commands/bot.py", line 1040, in load_extension
    await self._load_from_module_spec(spec, name)
  File "/data/data/com.termux/files/usr/lib/python3.13/site-packages/discord/ext/commands/bot.py", line 965, in _load_from_module_spec
    raise errors.ExtensionFailed(key, e) from e
discord.ext.commands.errors.ExtensionFailed: Extension 'cogs.minigames' raised an error: ImportError: cannot import name 'iniciar_minigame' from 'services.minigames_service' (/data/data/com.termux/files/home/Econonelo/rpbot/services/minigames_service.py)

2026-08-01 08:57:41 | INFO | Cog carregada: cogs.justica
2026-08-01 08:57:41 | INFO | Cog carregada: cogs.educacao
2026-08-01 08:57:41 | INFO | Cog carregada: cogs.ia_mundo
2026-08-01 08:57:41 | INFO | Cog carregada: cogs.profissional
2026-08-01 08:57:41 | INFO | Cog carregada: cogs.editar
2026-08-01 08:57:41 | INFO | Cog carregada: cogs.comandos_exclusivos
2026-08-01 08:57:41 | INFO | Cog carregada: cogs.corrupcao
2026-08-01 08:57:41 | INFO | Cog carregada: cogs.concursos
2026-08-01 08:57:41 | INFO | Cog carregada: cogs.aulas
2026-08-01 08:57:41 | INFO | Cog carregada: cogs.empresas
2026-08-01 08:57:41 | INFO | Cog carregada: cogs.viagem
2026-08-01 08:57:41 | INFO | Cog carregada: cogs.relacionamentos
2026-08-01 08:57:41 | INFO | Cog carregada: cogs.delivery
2026-08-01 08:57:41 | INFO | Cog carregada: cogs.ia_empresas
2026-08-01 08:57:41 | INFO | Cog carregada: cogs.clima
2026-08-01 08:57:41 | INFO | Cog carregada: cogs.cpf
2026-08-01 08:57:41 | INFO | Cog carregada: cogs.heranca
2026-08-01 08:57:41 | INFO | Cog carregada: cogs.menu
2026-08-01 08:57:41 | INFO | Cog carregada: cogs.agressao
2026-08-01 08:57:41 | INFO | Cog carregada: cogs.acao_privada
2026-08-01 08:57:41 | INFO | Cog carregada: cogs.news
2026-08-01 08:57:41 | INFO | Cog carregada: cogs.admin_ativacao
2026-08-01 08:58:57 | INFO | ACAO | BOT_INICIANDO | carregando banco e cogs
2026-08-01 08:58:57 | INFO | ACAO | BANCO_INICIADO | schema_version=24
2026-08-01 08:58:57 | ERROR | Falha ao carregar cog cogs.personagem: Extension 'cogs.personagem' raised an error: SyntaxError: f-string: expecting '=', or '!', or ':', or '}' (personagem.py, line 38)
2026-08-01 08:58:57 | ERROR | Traceback (most recent call last):
  File "/data/data/com.termux/files/usr/lib/python3.13/site-packages/discord/ext/commands/bot.py", line 962, in _load_from_module_spec
    spec.loader.exec_module(lib)  # type: ignore
    ~~~~~~~~~~~~~~~~~~~~~~~^^^^^
  File "<frozen importlib._bootstrap_external>", line 1019, in exec_module
  File "<frozen importlib._bootstrap_external>", line 1157, in get_code
  File "<frozen importlib._bootstrap_external>", line 1087, in source_to_code
  File "<frozen importlib._bootstrap>", line 488, in _call_with_frames_removed
  File "/data/data/com.termux/files/home/Econonelo/rpbot/cogs/personagem.py", line 38
    await ctx.reply(embed=embed_erro("Nome inválido", f"{mensagem_nome_invalido(, ephemeral=True)}\n\n❌ {validacao['motivo']}"))
                                                                               ^
SyntaxError: f-string: expecting '=', or '!', or ':', or '}'

The above exception was the direct cause of the following exception:

Traceback (most recent call last):
  File "/data/data/com.termux/files/home/Econonelo/rpbot/bot.py", line 138, in main
    await bot.load_extension(cog)
  File "/data/data/com.termux/files/usr/lib/python3.13/site-packages/discord/ext/commands/bot.py", line 1040, in load_extension
    await self._load_from_module_spec(spec, name)
  File "/data/data/com.termux/files/usr/lib/python3.13/site-packages/discord/ext/commands/bot.py", line 965, in _load_from_module_spec
    raise errors.ExtensionFailed(key, e) from e
discord.ext.commands.errors.ExtensionFailed: Extension 'cogs.personagem' raised an error: SyntaxError: f-string: expecting '=', or '!', or ':', or '}' (personagem.py, line 38)

2026-08-01 08:58:57 | INFO | Cog carregada: cogs.familia
2026-08-01 08:58:57 | INFO | Cog carregada: cogs.oab
2026-08-01 08:58:57 | INFO | Cog carregada: cogs.provas
2026-08-01 08:58:57 | INFO | Cog carregada: cogs.emergencia
2026-08-01 08:58:57 | INFO | Cog carregada: cogs.profissoes
2026-08-01 08:58:57 | INFO | Cog carregada: cogs.economia
2026-08-01 08:58:57 | INFO | Cog carregada: cogs.eventos
2026-08-01 08:58:57 | INFO | Cog carregada: cogs.ajuda
2026-08-01 08:58:57 | INFO | Cog carregada: cogs.status
2026-08-01 08:58:57 | INFO | Cog carregada: cogs.acoes
2026-08-01 08:58:57 | INFO | Cog carregada: cogs.inventario
2026-08-01 08:58:57 | INFO | Cog carregada: cogs.npcs
2026-08-01 08:58:57 | ERROR | Falha ao carregar cog cogs.casas: Extension 'cogs.casas' raised an error: SyntaxError: f-string: expecting '=', or '!', or ':', or '}' (casas.py, line 128)
2026-08-01 08:58:57 | ERROR | Traceback (most recent call last):
  File "/data/data/com.termux/files/usr/lib/python3.13/site-packages/discord/ext/commands/bot.py", line 962, in _load_from_module_spec
    spec.loader.exec_module(lib)  # type: ignore
    ~~~~~~~~~~~~~~~~~~~~~~~^^^^^
  File "<frozen importlib._bootstrap_external>", line 1019, in exec_module
  File "<frozen importlib._bootstrap_external>", line 1157, in get_code
  File "<frozen importlib._bootstrap_external>", line 1087, in source_to_code
  File "<frozen importlib._bootstrap>", line 488, in _call_with_frames_removed
  File "/data/data/com.termux/files/home/Econonelo/rpbot/cogs/casas.py", line 128
    await ctx.reply(embed=embed_erro("Tipo inválido", f"Opções: {', '.join(TIPOS_CASA.keys(, ephemeral=True))}"))
                                                                          ^
SyntaxError: f-string: expecting '=', or '!', or ':', or '}'

The above exception was the direct cause of the following exception:

Traceback (most recent call last):
  File "/data/data/com.termux/files/home/Econonelo/rpbot/bot.py", line 138, in main
    await bot.load_extension(cog)
  File "/data/data/com.termux/files/usr/lib/python3.13/site-packages/discord/ext/commands/bot.py", line 1040, in load_extension
    await self._load_from_module_spec(spec, name)
  File "/data/data/com.termux/files/usr/lib/python3.13/site-packages/discord/ext/commands/bot.py", line 965, in _load_from_module_spec
    raise errors.ExtensionFailed(key, e) from e
discord.ext.commands.errors.ExtensionFailed: Extension 'cogs.casas' raised an error: SyntaxError: f-string: expecting '=', or '!', or ':', or '}' (casas.py, line 128)

2026-08-01 08:58:57 | ERROR | Falha ao carregar cog cogs.veiculos: Extension 'cogs.veiculos' raised an error: SyntaxError: f-string: expecting '=', or '!', or ':', or '}' (veiculos.py, line 143)
2026-08-01 08:58:57 | ERROR | Traceback (most recent call last):
  File "/data/data/com.termux/files/usr/lib/python3.13/site-packages/discord/ext/commands/bot.py", line 962, in _load_from_module_spec
    spec.loader.exec_module(lib)  # type: ignore
    ~~~~~~~~~~~~~~~~~~~~~~~^^^^^
  File "<frozen importlib._bootstrap_external>", line 1019, in exec_module
  File "<frozen importlib._bootstrap_external>", line 1157, in get_code
  File "<frozen importlib._bootstrap_external>", line 1087, in source_to_code
  File "<frozen importlib._bootstrap>", line 488, in _call_with_frames_removed
  File "/data/data/com.termux/files/home/Econonelo/rpbot/cogs/veiculos.py", line 143
    await ctx.reply(embed=embed_erro("Modelo inválido", f"Opções: {', '.join(MODELOS_DISPONIVEIS.keys(, ephemeral=True))}"))
                                                                            ^
SyntaxError: f-string: expecting '=', or '!', or ':', or '}'

The above exception was the direct cause of the following exception:

Traceback (most recent call last):
  File "/data/data/com.termux/files/home/Econonelo/rpbot/bot.py", line 138, in main
    await bot.load_extension(cog)
  File "/data/data/com.termux/files/usr/lib/python3.13/site-packages/discord/ext/commands/bot.py", line 1040, in load_extension
    await self._load_from_module_spec(spec, name)
  File "/data/data/com.termux/files/usr/lib/python3.13/site-packages/discord/ext/commands/bot.py", line 965, in _load_from_module_spec
    raise errors.ExtensionFailed(key, e) from e
discord.ext.commands.errors.ExtensionFailed: Extension 'cogs.veiculos' raised an error: SyntaxError: f-string: expecting '=', or '!', or ':', or '}' (veiculos.py, line 143)

2026-08-01 08:58:57 | ERROR | Falha ao carregar cog cogs.locais: Extension 'cogs.locais' raised an error: SyntaxError: f-string: expecting '=', or '!', or ':', or '}' (locais.py, line 125)
2026-08-01 08:58:57 | ERROR | Traceback (most recent call last):
  File "/data/data/com.termux/files/usr/lib/python3.13/site-packages/discord/ext/commands/bot.py", line 962, in _load_from_module_spec
    spec.loader.exec_module(lib)  # type: ignore
    ~~~~~~~~~~~~~~~~~~~~~~~^^^^^
  File "<frozen importlib._bootstrap_external>", line 1019, in exec_module
  File "<frozen importlib._bootstrap_external>", line 1157, in get_code
  File "<frozen importlib._bootstrap_external>", line 1087, in source_to_code
  File "<frozen importlib._bootstrap>", line 488, in _call_with_frames_removed
  File "/data/data/com.termux/files/home/Econonelo/rpbot/cogs/locais.py", line 125
    await ctx.reply(embed=embed_info("Mundo já populado", f"Já existem {db.contar_locais(, ephemeral=True)} locais cadastrados."))
                                                                                        ^
SyntaxError: f-string: expecting '=', or '!', or ':', or '}'

The above exception was the direct cause of the following exception:

Traceback (most recent call last):
  File "/data/data/com.termux/files/home/Econonelo/rpbot/bot.py", line 138, in main
    await bot.load_extension(cog)
  File "/data/data/com.termux/files/usr/lib/python3.13/site-packages/discord/ext/commands/bot.py", line 1040, in load_extension
    await self._load_from_module_spec(spec, name)
  File "/data/data/com.termux/files/usr/lib/python3.13/site-packages/discord/ext/commands/bot.py", line 965, in _load_from_module_spec
    raise errors.ExtensionFailed(key, e) from e
discord.ext.commands.errors.ExtensionFailed: Extension 'cogs.locais' raised an error: SyntaxError: f-string: expecting '=', or '!', or ':', or '}' (locais.py, line 125)

2026-08-01 08:58:57 | INFO | Cog carregada: cogs.balanceamento
2026-08-01 08:58:57 | ERROR | Falha ao carregar cog cogs.minigames: Extension 'cogs.minigames' raised an error: ImportError: cannot import name 'iniciar_minigame' from 'services.minigames_service' (/data/data/com.termux/files/home/Econonelo/rpbot/services/minigames_service.py)
2026-08-01 08:58:57 | ERROR | Traceback (most recent call last):
  File "/data/data/com.termux/files/usr/lib/python3.13/site-packages/discord/ext/commands/bot.py", line 962, in _load_from_module_spec
    spec.loader.exec_module(lib)  # type: ignore
    ~~~~~~~~~~~~~~~~~~~~~~~^^^^^
  File "<frozen importlib._bootstrap_external>", line 1023, in exec_module
  File "<frozen importlib._bootstrap>", line 488, in _call_with_frames_removed
  File "/data/data/com.termux/files/home/Econonelo/rpbot/cogs/minigames.py", line 11, in <module>
    from services.minigames_service import iniciar_minigame, MINIGAMES_POR_PROFISSAO
ImportError: cannot import name 'iniciar_minigame' from 'services.minigames_service' (/data/data/com.termux/files/home/Econonelo/rpbot/services/minigames_service.py)

The above exception was the direct cause of the following exception:

Traceback (most recent call last):
  File "/data/data/com.termux/files/home/Econonelo/rpbot/bot.py", line 138, in main
    await bot.load_extension(cog)
  File "/data/data/com.termux/files/usr/lib/python3.13/site-packages/discord/ext/commands/bot.py", line 1040, in load_extension
    await self._load_from_module_spec(spec, name)
  File "/data/data/com.termux/files/usr/lib/python3.13/site-packages/discord/ext/commands/bot.py", line 965, in _load_from_module_spec
    raise errors.ExtensionFailed(key, e) from e
discord.ext.commands.errors.ExtensionFailed: Extension 'cogs.minigames' raised an error: ImportError: cannot import name 'iniciar_minigame' from 'services.minigames_service' (/data/data/com.termux/files/home/Econonelo/rpbot/services/minigames_service.py)

2026-08-01 08:58:57 | INFO | Cog carregada: cogs.justica
2026-08-01 08:58:57 | INFO | Cog carregada: cogs.educacao
2026-08-01 08:58:57 | INFO | Cog carregada: cogs.ia_mundo
2026-08-01 08:58:57 | INFO | Cog carregada: cogs.profissional
2026-08-01 08:58:57 | INFO | Cog carregada: cogs.editar
2026-08-01 08:58:57 | INFO | Cog carregada: cogs.comandos_exclusivos
2026-08-01 08:58:57 | INFO | Cog carregada: cogs.corrupcao
2026-08-01 08:58:57 | INFO | Cog carregada: cogs.concursos
2026-08-01 08:58:57 | INFO | Cog carregada: cogs.aulas
2026-08-01 08:58:57 | INFO | Cog carregada: cogs.empresas
2026-08-01 08:58:57 | INFO | Cog carregada: cogs.viagem
2026-08-01 08:58:57 | INFO | Cog carregada: cogs.relacionamentos
2026-08-01 08:58:57 | INFO | Cog carregada: cogs.delivery
2026-08-01 08:58:57 | INFO | Cog carregada: cogs.ia_empresas
2026-08-01 08:58:57 | INFO | Cog carregada: cogs.clima
2026-08-01 08:58:57 | INFO | Cog carregada: cogs.cpf
2026-08-01 08:58:57 | INFO | Cog carregada: cogs.heranca
2026-08-01 08:58:57 | INFO | Cog carregada: cogs.menu
2026-08-01 08:58:57 | INFO | Cog carregada: cogs.agressao
2026-08-01 08:58:57 | INFO | Cog carregada: cogs.acao_privada
2026-08-01 08:58:57 | INFO | Cog carregada: cogs.news
2026-08-01 08:58:57 | INFO | Cog carregada: cogs.admin_ativacao
2026-08-01 08:59:02 | INFO | Bot conectado como Econonelo RP#9444 (ID: 1532558409356939284)
2026-08-01 08:59:02 | INFO | Prefixo ativo: ?
2026-08-01 09:00:18 | INFO | ACAO | BOT_INICIANDO | carregando banco e cogs
2026-08-01 09:00:18 | INFO | ACAO | BANCO_INICIADO | schema_version=24
2026-08-01 09:00:18 | ERROR | Falha ao carregar cog cogs.personagem: Extension 'cogs.personagem' raised an error: SyntaxError: f-string: expecting '=', or '!', or ':', or '}' (personagem.py, line 38)
2026-08-01 09:00:18 | ERROR | Traceback (most recent call last):
  File "/data/data/com.termux/files/usr/lib/python3.13/site-packages/discord/ext/commands/bot.py", line 962, in _load_from_module_spec
    spec.loader.exec_module(lib)  # type: ignore
    ~~~~~~~~~~~~~~~~~~~~~~~^^^^^
  File "<frozen importlib._bootstrap_external>", line 1019, in exec_module
  File "<frozen importlib._bootstrap_external>", line 1157, in get_code
  File "<frozen importlib._bootstrap_external>", line 1087, in source_to_code
  File "<frozen importlib._bootstrap>", line 488, in _call_with_frames_removed
  File "/data/data/com.termux/files/home/Econonelo/rpbot/cogs/personagem.py", line 38
    await ctx.reply(embed=embed_erro("Nome inválido", f"{mensagem_nome_invalido(, ephemeral=True)}\n\n❌ {validacao['motivo']}"))
                                                                               ^
SyntaxError: f-string: expecting '=', or '!', or ':', or '}'

The above exception was the direct cause of the following exception:

Traceback (most recent call last):
  File "/data/data/com.termux/files/home/Econonelo/rpbot/bot.py", line 138, in main
    await bot.load_extension(cog)
  File "/data/data/com.termux/files/usr/lib/python3.13/site-packages/discord/ext/commands/bot.py", line 1040, in load_extension
    await self._load_from_module_spec(spec, name)
  File "/data/data/com.termux/files/usr/lib/python3.13/site-packages/discord/ext/commands/bot.py", line 965, in _load_from_module_spec
    raise errors.ExtensionFailed(key, e) from e
discord.ext.commands.errors.ExtensionFailed: Extension 'cogs.personagem' raised an error: SyntaxError: f-string: expecting '=', or '!', or ':', or '}' (personagem.py, line 38)

2026-08-01 09:00:18 | INFO | Cog carregada: cogs.familia
2026-08-01 09:00:18 | INFO | Cog carregada: cogs.oab
2026-08-01 09:00:18 | INFO | Cog carregada: cogs.provas
2026-08-01 09:00:18 | INFO | Cog carregada: cogs.emergencia
2026-08-01 09:00:18 | INFO | Cog carregada: cogs.profissoes
2026-08-01 09:00:18 | INFO | Cog carregada: cogs.economia
2026-08-01 09:00:18 | INFO | Cog carregada: cogs.eventos
2026-08-01 09:00:18 | INFO | Cog carregada: cogs.ajuda
2026-08-01 09:00:18 | INFO | Cog carregada: cogs.status
2026-08-01 09:00:18 | INFO | Cog carregada: cogs.acoes
2026-08-01 09:00:18 | INFO | Cog carregada: cogs.inventario
2026-08-01 09:00:18 | INFO | Cog carregada: cogs.npcs
2026-08-01 09:00:18 | ERROR | Falha ao carregar cog cogs.casas: Extension 'cogs.casas' raised an error: SyntaxError: f-string: expecting '=', or '!', or ':', or '}' (casas.py, line 128)
2026-08-01 09:00:18 | ERROR | Traceback (most recent call last):
  File "/data/data/com.termux/files/usr/lib/python3.13/site-packages/discord/ext/commands/bot.py", line 962, in _load_from_module_spec
    spec.loader.exec_module(lib)  # type: ignore
    ~~~~~~~~~~~~~~~~~~~~~~~^^^^^
  File "<frozen importlib._bootstrap_external>", line 1019, in exec_module
  File "<frozen importlib._bootstrap_external>", line 1157, in get_code
  File "<frozen importlib._bootstrap_external>", line 1087, in source_to_code
  File "<frozen importlib._bootstrap>", line 488, in _call_with_frames_removed
  File "/data/data/com.termux/files/home/Econonelo/rpbot/cogs/casas.py", line 128
    await ctx.reply(embed=embed_erro("Tipo inválido", f"Opções: {', '.join(TIPOS_CASA.keys(, ephemeral=True))}"))
                                                                          ^
SyntaxError: f-string: expecting '=', or '!', or ':', or '}'

The above exception was the direct cause of the following exception:

Traceback (most recent call last):
  File "/data/data/com.termux/files/home/Econonelo/rpbot/bot.py", line 138, in main
    await bot.load_extension(cog)
  File "/data/data/com.termux/files/usr/lib/python3.13/site-packages/discord/ext/commands/bot.py", line 1040, in load_extension
    await self._load_from_module_spec(spec, name)
  File "/data/data/com.termux/files/usr/lib/python3.13/site-packages/discord/ext/commands/bot.py", line 965, in _load_from_module_spec
    raise errors.ExtensionFailed(key, e) from e
discord.ext.commands.errors.ExtensionFailed: Extension 'cogs.casas' raised an error: SyntaxError: f-string: expecting '=', or '!', or ':', or '}' (casas.py, line 128)

2026-08-01 09:00:18 | ERROR | Falha ao carregar cog cogs.veiculos: Extension 'cogs.veiculos' raised an error: SyntaxError: f-string: expecting '=', or '!', or ':', or '}' (veiculos.py, line 143)
2026-08-01 09:00:18 | ERROR | Traceback (most recent call last):
  File "/data/data/com.termux/files/usr/lib/python3.13/site-packages/discord/ext/commands/bot.py", line 962, in _load_from_module_spec
    spec.loader.exec_module(lib)  # type: ignore
    ~~~~~~~~~~~~~~~~~~~~~~~^^^^^
  File "<frozen importlib._bootstrap_external>", line 1019, in exec_module
  File "<frozen importlib._bootstrap_external>", line 1157, in get_code
  File "<frozen importlib._bootstrap_external>", line 1087, in source_to_code
  File "<frozen importlib._bootstrap>", line 488, in _call_with_frames_removed
  File "/data/data/com.termux/files/home/Econonelo/rpbot/cogs/veiculos.py", line 143
    await ctx.reply(embed=embed_erro("Modelo inválido", f"Opções: {', '.join(MODELOS_DISPONIVEIS.keys(, ephemeral=True))}"))
                                                                            ^
SyntaxError: f-string: expecting '=', or '!', or ':', or '}'

The above exception was the direct cause of the following exception:

Traceback (most recent call last):
  File "/data/data/com.termux/files/home/Econonelo/rpbot/bot.py", line 138, in main
    await bot.load_extension(cog)
  File "/data/data/com.termux/files/usr/lib/python3.13/site-packages/discord/ext/commands/bot.py", line 1040, in load_extension
    await self._load_from_module_spec(spec, name)
  File "/data/data/com.termux/files/usr/lib/python3.13/site-packages/discord/ext/commands/bot.py", line 965, in _load_from_module_spec
    raise errors.ExtensionFailed(key, e) from e
discord.ext.commands.errors.ExtensionFailed: Extension 'cogs.veiculos' raised an error: SyntaxError: f-string: expecting '=', or '!', or ':', or '}' (veiculos.py, line 143)

2026-08-01 09:00:18 | ERROR | Falha ao carregar cog cogs.locais: Extension 'cogs.locais' raised an error: SyntaxError: f-string: expecting '=', or '!', or ':', or '}' (locais.py, line 125)
2026-08-01 09:00:18 | ERROR | Traceback (most recent call last):
  File "/data/data/com.termux/files/usr/lib/python3.13/site-packages/discord/ext/commands/bot.py", line 962, in _load_from_module_spec
    spec.loader.exec_module(lib)  # type: ignore
    ~~~~~~~~~~~~~~~~~~~~~~~^^^^^
  File "<frozen importlib._bootstrap_external>", line 1019, in exec_module
  File "<frozen importlib._bootstrap_external>", line 1157, in get_code
  File "<frozen importlib._bootstrap_external>", line 1087, in source_to_code
  File "<frozen importlib._bootstrap>", line 488, in _call_with_frames_removed
  File "/data/data/com.termux/files/home/Econonelo/rpbot/cogs/locais.py", line 125
    await ctx.reply(embed=embed_info("Mundo já populado", f"Já existem {db.contar_locais(, ephemeral=True)} locais cadastrados."))
                                                                                        ^
SyntaxError: f-string: expecting '=', or '!', or ':', or '}'

The above exception was the direct cause of the following exception:

Traceback (most recent call last):
  File "/data/data/com.termux/files/home/Econonelo/rpbot/bot.py", line 138, in main
    await bot.load_extension(cog)
  File "/data/data/com.termux/files/usr/lib/python3.13/site-packages/discord/ext/commands/bot.py", line 1040, in load_extension
    await self._load_from_module_spec(spec, name)
  File "/data/data/com.termux/files/usr/lib/python3.13/site-packages/discord/ext/commands/bot.py", line 965, in _load_from_module_spec
    raise errors.ExtensionFailed(key, e) from e
discord.ext.commands.errors.ExtensionFailed: Extension 'cogs.locais' raised an error: SyntaxError: f-string: expecting '=', or '!', or ':', or '}' (locais.py, line 125)

2026-08-01 09:00:18 | INFO | Cog carregada: cogs.balanceamento
2026-08-01 09:00:18 | ERROR | Falha ao carregar cog cogs.minigames: Extension 'cogs.minigames' raised an error: ImportError: cannot import name 'iniciar_minigame' from 'services.minigames_service' (/data/data/com.termux/files/home/Econonelo/rpbot/services/minigames_service.py)
2026-08-01 09:00:18 | ERROR | Traceback (most recent call last):
  File "/data/data/com.termux/files/usr/lib/python3.13/site-packages/discord/ext/commands/bot.py", line 962, in _load_from_module_spec
    spec.loader.exec_module(lib)  # type: ignore
    ~~~~~~~~~~~~~~~~~~~~~~~^^^^^
  File "<frozen importlib._bootstrap_external>", line 1023, in exec_module
  File "<frozen importlib._bootstrap>", line 488, in _call_with_frames_removed
  File "/data/data/com.termux/files/home/Econonelo/rpbot/cogs/minigames.py", line 11, in <module>
    from services.minigames_service import iniciar_minigame, MINIGAMES_POR_PROFISSAO
ImportError: cannot import name 'iniciar_minigame' from 'services.minigames_service' (/data/data/com.termux/files/home/Econonelo/rpbot/services/minigames_service.py)

The above exception was the direct cause of the following exception:

Traceback (most recent call last):
  File "/data/data/com.termux/files/home/Econonelo/rpbot/bot.py", line 138, in main
    await bot.load_extension(cog)
  File "/data/data/com.termux/files/usr/lib/python3.13/site-packages/discord/ext/commands/bot.py", line 1040, in load_extension
    await self._load_from_module_spec(spec, name)
  File "/data/data/com.termux/files/usr/lib/python3.13/site-packages/discord/ext/commands/bot.py", line 965, in _load_from_module_spec
    raise errors.ExtensionFailed(key, e) from e
discord.ext.commands.errors.ExtensionFailed: Extension 'cogs.minigames' raised an error: ImportError: cannot import name 'iniciar_minigame' from 'services.minigames_service' (/data/data/com.termux/files/home/Econonelo/rpbot/services/minigames_service.py)

2026-08-01 09:00:18 | INFO | Cog carregada: cogs.justica
2026-08-01 09:00:18 | INFO | Cog carregada: cogs.educacao
2026-08-01 09:00:18 | INFO | Cog carregada: cogs.ia_mundo
2026-08-01 09:00:18 | INFO | Cog carregada: cogs.profissional
2026-08-01 09:00:18 | INFO | Cog carregada: cogs.editar
2026-08-01 09:00:18 | INFO | Cog carregada: cogs.comandos_exclusivos
2026-08-01 09:00:18 | INFO | Cog carregada: cogs.corrupcao
2026-08-01 09:00:18 | INFO | Cog carregada: cogs.concursos
2026-08-01 09:00:18 | INFO | Cog carregada: cogs.aulas
2026-08-01 09:00:18 | INFO | Cog carregada: cogs.empresas
2026-08-01 09:00:18 | INFO | Cog carregada: cogs.viagem
2026-08-01 09:00:18 | INFO | Cog carregada: cogs.relacionamentos
2026-08-01 09:00:18 | INFO | Cog carregada: cogs.delivery
2026-08-01 09:00:18 | INFO | Cog carregada: cogs.ia_empresas
2026-08-01 09:00:18 | INFO | Cog carregada: cogs.clima
2026-08-01 09:00:18 | INFO | Cog carregada: cogs.cpf
2026-08-01 09:00:18 | INFO | Cog carregada: cogs.heranca
2026-08-01 09:00:18 | INFO | Cog carregada: cogs.menu
2026-08-01 09:00:18 | INFO | Cog carregada: cogs.agressao
2026-08-01 09:00:18 | INFO | Cog carregada: cogs.acao_privada
2026-08-01 09:00:18 | INFO | Cog carregada: cogs.news
2026-08-01 09:00:18 | INFO | Cog carregada: cogs.admin_ativacao
2026-08-01 09:00:22 | INFO | Bot conectado como Econonelo RP#9444 (ID: 1532558409356939284)
2026-08-01 09:00:22 | INFO | Prefixo ativo: ?
2026-08-01 09:05:27 | INFO | ACAO | BOT_INICIANDO | carregando banco e cogs
2026-08-01 09:05:27 | INFO | ACAO | BANCO_INICIADO | schema_version=24
2026-08-01 09:05:27 | ERROR | Falha ao carregar cog cogs.personagem: Extension 'cogs.personagem' raised an error: SyntaxError: f-string: expecting '=', or '!', or ':', or '}' (personagem.py, line 38)
2026-08-01 09:05:27 | ERROR | Traceback (most recent call last):
  File "/data/data/com.termux/files/usr/lib/python3.13/site-packages/discord/ext/commands/bot.py", line 962, in _load_from_module_spec
    spec.loader.exec_module(lib)  # type: ignore
    ~~~~~~~~~~~~~~~~~~~~~~~^^^^^
  File "<frozen importlib._bootstrap_external>", line 1019, in exec_module
  File "<frozen importlib._bootstrap_external>", line 1157, in get_code
  File "<frozen importlib._bootstrap_external>", line 1087, in source_to_code
  File "<frozen importlib._bootstrap>", line 488, in _call_with_frames_removed
  File "/data/data/com.termux/files/home/Econonelo/rpbot/cogs/personagem.py", line 38
    await ctx.reply(embed=embed_erro("Nome inválido", f"{mensagem_nome_invalido(, ephemeral=True)}\n\n❌ {validacao['motivo']}"))
                                                                               ^
SyntaxError: f-string: expecting '=', or '!', or ':', or '}'

The above exception was the direct cause of the following exception:

Traceback (most recent call last):
  File "/data/data/com.termux/files/home/Econonelo/rpbot/bot.py", line 138, in main
    await bot.load_extension(cog)
  File "/data/data/com.termux/files/usr/lib/python3.13/site-packages/discord/ext/commands/bot.py", line 1040, in load_extension
    await self._load_from_module_spec(spec, name)
  File "/data/data/com.termux/files/usr/lib/python3.13/site-packages/discord/ext/commands/bot.py", line 965, in _load_from_module_spec
    raise errors.ExtensionFailed(key, e) from e
discord.ext.commands.errors.ExtensionFailed: Extension 'cogs.personagem' raised an error: SyntaxError: f-string: expecting '=', or '!', or ':', or '}' (personagem.py, line 38)

2026-08-01 09:05:27 | INFO | Cog carregada: cogs.familia
2026-08-01 09:05:27 | INFO | Cog carregada: cogs.oab
2026-08-01 09:05:27 | INFO | Cog carregada: cogs.provas
2026-08-01 09:05:27 | INFO | Cog carregada: cogs.emergencia
2026-08-01 09:05:27 | INFO | Cog carregada: cogs.profissoes
2026-08-01 09:05:27 | INFO | Cog carregada: cogs.economia
2026-08-01 09:05:27 | INFO | Cog carregada: cogs.eventos
2026-08-01 09:05:27 | INFO | Cog carregada: cogs.ajuda
2026-08-01 09:05:27 | INFO | Cog carregada: cogs.status
2026-08-01 09:05:27 | INFO | Cog carregada: cogs.acoes
2026-08-01 09:05:27 | INFO | Cog carregada: cogs.inventario
2026-08-01 09:05:27 | INFO | Cog carregada: cogs.npcs
2026-08-01 09:05:27 | ERROR | Falha ao carregar cog cogs.casas: Extension 'cogs.casas' raised an error: SyntaxError: f-string: expecting '=', or '!', or ':', or '}' (casas.py, line 128)
2026-08-01 09:05:27 | ERROR | Traceback (most recent call last):
  File "/data/data/com.termux/files/usr/lib/python3.13/site-packages/discord/ext/commands/bot.py", line 962, in _load_from_module_spec
    spec.loader.exec_module(lib)  # type: ignore
    ~~~~~~~~~~~~~~~~~~~~~~~^^^^^
  File "<frozen importlib._bootstrap_external>", line 1019, in exec_module
  File "<frozen importlib._bootstrap_external>", line 1157, in get_code
  File "<frozen importlib._bootstrap_external>", line 1087, in source_to_code
  File "<frozen importlib._bootstrap>", line 488, in _call_with_frames_removed
  File "/data/data/com.termux/files/home/Econonelo/rpbot/cogs/casas.py", line 128
    await ctx.reply(embed=embed_erro("Tipo inválido", f"Opções: {', '.join(TIPOS_CASA.keys(, ephemeral=True))}"))
                                                                          ^
SyntaxError: f-string: expecting '=', or '!', or ':', or '}'

The above exception was the direct cause of the following exception:

Traceback (most recent call last):
  File "/data/data/com.termux/files/home/Econonelo/rpbot/bot.py", line 138, in main
    await bot.load_extension(cog)
  File "/data/data/com.termux/files/usr/lib/python3.13/site-packages/discord/ext/commands/bot.py", line 1040, in load_extension
    await self._load_from_module_spec(spec, name)
  File "/data/data/com.termux/files/usr/lib/python3.13/site-packages/discord/ext/commands/bot.py", line 965, in _load_from_module_spec
    raise errors.ExtensionFailed(key, e) from e
discord.ext.commands.errors.ExtensionFailed: Extension 'cogs.casas' raised an error: SyntaxError: f-string: expecting '=', or '!', or ':', or '}' (casas.py, line 128)

2026-08-01 09:05:27 | ERROR | Falha ao carregar cog cogs.veiculos: Extension 'cogs.veiculos' raised an error: SyntaxError: f-string: expecting '=', or '!', or ':', or '}' (veiculos.py, line 143)
2026-08-01 09:05:27 | ERROR | Traceback (most recent call last):
  File "/data/data/com.termux/files/usr/lib/python3.13/site-packages/discord/ext/commands/bot.py", line 962, in _load_from_module_spec
    spec.loader.exec_module(lib)  # type: ignore
    ~~~~~~~~~~~~~~~~~~~~~~~^^^^^
  File "<frozen importlib._bootstrap_external>", line 1019, in exec_module
  File "<frozen importlib._bootstrap_external>", line 1157, in get_code
  File "<frozen importlib._bootstrap_external>", line 1087, in source_to_code
  File "<frozen importlib._bootstrap>", line 488, in _call_with_frames_removed
  File "/data/data/com.termux/files/home/Econonelo/rpbot/cogs/veiculos.py", line 143
    await ctx.reply(embed=embed_erro("Modelo inválido", f"Opções: {', '.join(MODELOS_DISPONIVEIS.keys(, ephemeral=True))}"))
                                                                            ^
SyntaxError: f-string: expecting '=', or '!', or ':', or '}'

The above exception was the direct cause of the following exception:

Traceback (most recent call last):
  File "/data/data/com.termux/files/home/Econonelo/rpbot/bot.py", line 138, in main
    await bot.load_extension(cog)
  File "/data/data/com.termux/files/usr/lib/python3.13/site-packages/discord/ext/commands/bot.py", line 1040, in load_extension
    await self._load_from_module_spec(spec, name)
  File "/data/data/com.termux/files/usr/lib/python3.13/site-packages/discord/ext/commands/bot.py", line 965, in _load_from_module_spec
    raise errors.ExtensionFailed(key, e) from e
discord.ext.commands.errors.ExtensionFailed: Extension 'cogs.veiculos' raised an error: SyntaxError: f-string: expecting '=', or '!', or ':', or '}' (veiculos.py, line 143)

2026-08-01 09:05:27 | ERROR | Falha ao carregar cog cogs.locais: Extension 'cogs.locais' raised an error: SyntaxError: f-string: expecting '=', or '!', or ':', or '}' (locais.py, line 125)
2026-08-01 09:05:27 | ERROR | Traceback (most recent call last):
  File "/data/data/com.termux/files/usr/lib/python3.13/site-packages/discord/ext/commands/bot.py", line 962, in _load_from_module_spec
    spec.loader.exec_module(lib)  # type: ignore
    ~~~~~~~~~~~~~~~~~~~~~~~^^^^^
  File "<frozen importlib._bootstrap_external>", line 1019, in exec_module
  File "<frozen importlib._bootstrap_external>", line 1157, in get_code
  File "<frozen importlib._bootstrap_external>", line 1087, in source_to_code
  File "<frozen importlib._bootstrap>", line 488, in _call_with_frames_removed
  File "/data/data/com.termux/files/home/Econonelo/rpbot/cogs/locais.py", line 125
    await ctx.reply(embed=embed_info("Mundo já populado", f"Já existem {db.contar_locais(, ephemeral=True)} locais cadastrados."))
                                                                                        ^
SyntaxError: f-string: expecting '=', or '!', or ':', or '}'

The above exception was the direct cause of the following exception:

Traceback (most recent call last):
  File "/data/data/com.termux/files/home/Econonelo/rpbot/bot.py", line 138, in main
    await bot.load_extension(cog)
  File "/data/data/com.termux/files/usr/lib/python3.13/site-packages/discord/ext/commands/bot.py", line 1040, in load_extension
    await self._load_from_module_spec(spec, name)
  File "/data/data/com.termux/files/usr/lib/python3.13/site-packages/discord/ext/commands/bot.py", line 965, in _load_from_module_spec
    raise errors.ExtensionFailed(key, e) from e
discord.ext.commands.errors.ExtensionFailed: Extension 'cogs.locais' raised an error: SyntaxError: f-string: expecting '=', or '!', or ':', or '}' (locais.py, line 125)

2026-08-01 09:05:27 | INFO | Cog carregada: cogs.balanceamento
2026-08-01 09:05:27 | INFO | Cog carregada: cogs.minigames
2026-08-01 09:05:27 | INFO | Cog carregada: cogs.justica
2026-08-01 09:05:27 | INFO | Cog carregada: cogs.educacao
2026-08-01 09:05:27 | INFO | Cog carregada: cogs.ia_mundo
2026-08-01 09:05:27 | INFO | Cog carregada: cogs.profissional
2026-08-01 09:05:27 | INFO | Cog carregada: cogs.editar
2026-08-01 09:05:27 | INFO | Cog carregada: cogs.comandos_exclusivos
2026-08-01 09:05:27 | INFO | Cog carregada: cogs.corrupcao
2026-08-01 09:05:27 | INFO | Cog carregada: cogs.concursos
2026-08-01 09:05:27 | INFO | Cog carregada: cogs.aulas
2026-08-01 09:05:27 | INFO | Cog carregada: cogs.empresas
2026-08-01 09:05:27 | INFO | Cog carregada: cogs.viagem
2026-08-01 09:05:27 | INFO | Cog carregada: cogs.relacionamentos
2026-08-01 09:05:27 | INFO | Cog carregada: cogs.delivery
2026-08-01 09:05:27 | INFO | Cog carregada: cogs.ia_empresas
2026-08-01 09:05:27 | INFO | Cog carregada: cogs.clima
2026-08-01 09:05:27 | INFO | Cog carregada: cogs.cpf
2026-08-01 09:05:27 | INFO | Cog carregada: cogs.heranca
2026-08-01 09:05:27 | INFO | Cog carregada: cogs.menu
2026-08-01 09:05:27 | INFO | Cog carregada: cogs.agressao
2026-08-01 09:05:27 | INFO | Cog carregada: cogs.acao_privada
2026-08-01 09:05:27 | INFO | Cog carregada: cogs.news
2026-08-01 09:05:27 | INFO | Cog carregada: cogs.admin_ativacao
2026-08-01 09:05:31 | INFO | Bot conectado como Econonelo RP#9444 (ID: 1532558409356939284)
2026-08-01 09:05:31 | INFO | Prefixo ativo: ?
2026-08-01 09:07:18 | INFO | ACAO | ESTADO_MUNDO_ATUALIZADO | dia = 1
2026-08-01 09:07:18 | INFO | ACAO | ESTADO_MUNDO_ATUALIZADO | clima = Ensolarado
2026-08-01 09:07:18 | INFO | ACAO | ESTADO_MUNDO_ATUALIZADO | inflacao = 2.5
2026-08-01 09:07:18 | INFO | ACAO | ESTADO_MUNDO_ATUALIZADO | temperatura = 28
2026-08-01 09:07:31 | INFO | ACAO | ESTADO_MUNDO_ATUALIZADO | dia = 2
2026-08-01 09:07:31 | INFO | ACAO | NOTICIA_GERADA | id=1 categoria=policial
2026-08-01 09:07:31 | INFO | ACAO | ESTADO_MUNDO_ATUALIZADO | inflacao = 2.5
2026-08-01 09:11:38 | INFO | ACAO | BOT_INICIANDO | carregando banco e cogs
2026-08-01 09:11:38 | INFO | ACAO | BANCO_INICIADO | schema_version=24
2026-08-01 09:11:38 | INFO | Cog carregada: cogs.personagem
2026-08-01 09:11:38 | INFO | Cog carregada: cogs.familia
2026-08-01 09:11:38 | INFO | Cog carregada: cogs.oab
2026-08-01 09:11:38 | INFO | Cog carregada: cogs.provas
2026-08-01 09:11:38 | INFO | Cog carregada: cogs.emergencia
2026-08-01 09:11:38 | INFO | Cog carregada: cogs.profissoes
2026-08-01 09:11:38 | INFO | Cog carregada: cogs.economia
2026-08-01 09:11:38 | INFO | Cog carregada: cogs.eventos
2026-08-01 09:11:38 | INFO | Cog carregada: cogs.ajuda
2026-08-01 09:11:38 | INFO | Cog carregada: cogs.status
2026-08-01 09:11:38 | INFO | Cog carregada: cogs.acoes
2026-08-01 09:11:38 | INFO | Cog carregada: cogs.inventario
2026-08-01 09:11:38 | INFO | Cog carregada: cogs.npcs
2026-08-01 09:11:38 | ERROR | Falha ao carregar cog cogs.casas: Extension 'cogs.casas' raised an error: SyntaxError: f-string: expecting '=', or '!', or ':', or '}' (casas.py, line 128)
2026-08-01 09:11:38 | ERROR | Traceback (most recent call last):
  File "/data/data/com.termux/files/usr/lib/python3.13/site-packages/discord/ext/commands/bot.py", line 962, in _load_from_module_spec
    spec.loader.exec_module(lib)  # type: ignore
    ~~~~~~~~~~~~~~~~~~~~~~~^^^^^
  File "<frozen importlib._bootstrap_external>", line 1019, in exec_module
  File "<frozen importlib._bootstrap_external>", line 1157, in get_code
  File "<frozen importlib._bootstrap_external>", line 1087, in source_to_code
  File "<frozen importlib._bootstrap>", line 488, in _call_with_frames_removed
  File "/data/data/com.termux/files/home/Econonelo/rpbot/cogs/casas.py", line 128
    await ctx.reply(embed=embed_erro("Tipo inválido", f"Opções: {', '.join(TIPOS_CASA.keys(, ephemeral=True))}"))
                                                                          ^
SyntaxError: f-string: expecting '=', or '!', or ':', or '}'

The above exception was the direct cause of the following exception:

Traceback (most recent call last):
  File "/data/data/com.termux/files/home/Econonelo/rpbot/bot.py", line 138, in main
    await bot.load_extension(cog)
  File "/data/data/com.termux/files/usr/lib/python3.13/site-packages/discord/ext/commands/bot.py", line 1040, in load_extension
    await self._load_from_module_spec(spec, name)
  File "/data/data/com.termux/files/usr/lib/python3.13/site-packages/discord/ext/commands/bot.py", line 965, in _load_from_module_spec
    raise errors.ExtensionFailed(key, e) from e
discord.ext.commands.errors.ExtensionFailed: Extension 'cogs.casas' raised an error: SyntaxError: f-string: expecting '=', or '!', or ':', or '}' (casas.py, line 128)

2026-08-01 09:11:38 | ERROR | Falha ao carregar cog cogs.veiculos: Extension 'cogs.veiculos' raised an error: SyntaxError: f-string: expecting '=', or '!', or ':', or '}' (veiculos.py, line 143)
2026-08-01 09:11:38 | ERROR | Traceback (most recent call last):
  File "/data/data/com.termux/files/usr/lib/python3.13/site-packages/discord/ext/commands/bot.py", line 962, in _load_from_module_spec
    spec.loader.exec_module(lib)  # type: ignore
    ~~~~~~~~~~~~~~~~~~~~~~~^^^^^
  File "<frozen importlib._bootstrap_external>", line 1019, in exec_module
  File "<frozen importlib._bootstrap_external>", line 1157, in get_code
  File "<frozen importlib._bootstrap_external>", line 1087, in source_to_code
  File "<frozen importlib._bootstrap>", line 488, in _call_with_frames_removed
  File "/data/data/com.termux/files/home/Econonelo/rpbot/cogs/veiculos.py", line 143
    await ctx.reply(embed=embed_erro("Modelo inválido", f"Opções: {', '.join(MODELOS_DISPONIVEIS.keys(, ephemeral=True))}"))
                                                                            ^
SyntaxError: f-string: expecting '=', or '!', or ':', or '}'

The above exception was the direct cause of the following exception:

Traceback (most recent call last):
  File "/data/data/com.termux/files/home/Econonelo/rpbot/bot.py", line 138, in main
    await bot.load_extension(cog)
  File "/data/data/com.termux/files/usr/lib/python3.13/site-packages/discord/ext/commands/bot.py", line 1040, in load_extension
    await self._load_from_module_spec(spec, name)
  File "/data/data/com.termux/files/usr/lib/python3.13/site-packages/discord/ext/commands/bot.py", line 965, in _load_from_module_spec
    raise errors.ExtensionFailed(key, e) from e
discord.ext.commands.errors.ExtensionFailed: Extension 'cogs.veiculos' raised an error: SyntaxError: f-string: expecting '=', or '!', or ':', or '}' (veiculos.py, line 143)

2026-08-01 09:11:38 | INFO | Cog carregada: cogs.locais
2026-08-01 09:11:38 | INFO | Cog carregada: cogs.balanceamento
2026-08-01 09:11:38 | INFO | Cog carregada: cogs.minigames
2026-08-01 09:11:38 | INFO | Cog carregada: cogs.justica
2026-08-01 09:11:38 | INFO | Cog carregada: cogs.educacao
2026-08-01 09:11:38 | INFO | Cog carregada: cogs.ia_mundo
2026-08-01 09:11:38 | INFO | Cog carregada: cogs.profissional
2026-08-01 09:11:38 | INFO | Cog carregada: cogs.editar
2026-08-01 09:11:38 | INFO | Cog carregada: cogs.comandos_exclusivos
2026-08-01 09:11:38 | INFO | Cog carregada: cogs.corrupcao
2026-08-01 09:11:38 | INFO | Cog carregada: cogs.concursos
2026-08-01 09:11:38 | INFO | Cog carregada: cogs.aulas
2026-08-01 09:11:38 | INFO | Cog carregada: cogs.empresas
2026-08-01 09:11:38 | INFO | Cog carregada: cogs.viagem
2026-08-01 09:11:38 | INFO | Cog carregada: cogs.relacionamentos
2026-08-01 09:11:39 | INFO | Cog carregada: cogs.delivery
2026-08-01 09:11:39 | INFO | Cog carregada: cogs.ia_empresas
2026-08-01 09:11:39 | INFO | Cog carregada: cogs.clima
2026-08-01 09:11:39 | INFO | Cog carregada: cogs.cpf
2026-08-01 09:11:39 | INFO | Cog carregada: cogs.heranca
2026-08-01 09:11:39 | INFO | Cog carregada: cogs.menu
2026-08-01 09:11:39 | INFO | Cog carregada: cogs.agressao
2026-08-01 09:11:39 | INFO | Cog carregada: cogs.acao_privada
2026-08-01 09:11:39 | INFO | Cog carregada: cogs.news
2026-08-01 09:11:39 | INFO | Cog carregada: cogs.admin_ativacao
2026-08-01 09:11:43 | INFO | Bot conectado como Econonelo RP#9444 (ID: 1532558409356939284)
2026-08-01 09:11:43 | INFO | Prefixo ativo: ?
2026-08-01 09:11:43 | INFO | ACAO | ESTADO_MUNDO_ATUALIZADO | dia = 3
2026-08-01 09:11:43 | INFO | ACAO | NOTICIA_GERADA | id=2 categoria=esportes
2026-08-01 09:11:43 | INFO | ACAO | ESTADO_MUNDO_ATUALIZADO | inflacao = 2.3
2026-08-01 09:11:43 | INFO | ACAO | ESTADO_MUNDO_ATUALIZADO | clima = Chuvoso
2026-08-01 09:14:36 | INFO | ACAO | BOT_INICIANDO | carregando banco e cogs
2026-08-01 09:14:36 | INFO | ACAO | BANCO_INICIADO | schema_version=24
2026-08-01 09:14:36 | INFO | Cog carregada: cogs.personagem
2026-08-01 09:14:36 | INFO | Cog carregada: cogs.familia
2026-08-01 09:14:37 | INFO | Cog carregada: cogs.oab
2026-08-01 09:14:37 | INFO | Cog carregada: cogs.provas
2026-08-01 09:14:37 | INFO | Cog carregada: cogs.emergencia
2026-08-01 09:14:37 | INFO | Cog carregada: cogs.profissoes
2026-08-01 09:14:37 | INFO | Cog carregada: cogs.economia
2026-08-01 09:14:37 | INFO | Cog carregada: cogs.eventos
2026-08-01 09:14:37 | INFO | Cog carregada: cogs.ajuda
2026-08-01 09:14:37 | INFO | Cog carregada: cogs.status
2026-08-01 09:14:37 | INFO | Cog carregada: cogs.acoes
2026-08-01 09:14:37 | INFO | Cog carregada: cogs.inventario
2026-08-01 09:14:37 | INFO | Cog carregada: cogs.npcs
2026-08-01 09:14:37 | INFO | Cog carregada: cogs.casas
2026-08-01 09:14:37 | INFO | Cog carregada: cogs.veiculos
2026-08-01 09:14:37 | INFO | Cog carregada: cogs.locais
2026-08-01 09:14:37 | INFO | Cog carregada: cogs.balanceamento
2026-08-01 09:14:37 | INFO | Cog carregada: cogs.minigames
2026-08-01 09:14:37 | INFO | Cog carregada: cogs.justica
2026-08-01 09:14:37 | INFO | Cog carregada: cogs.educacao
2026-08-01 09:14:37 | INFO | Cog carregada: cogs.ia_mundo
2026-08-01 09:14:37 | INFO | Cog carregada: cogs.profissional
2026-08-01 09:14:37 | INFO | Cog carregada: cogs.editar
2026-08-01 09:14:37 | INFO | Cog carregada: cogs.comandos_exclusivos
2026-08-01 09:14:37 | INFO | Cog carregada: cogs.corrupcao
2026-08-01 09:14:37 | INFO | Cog carregada: cogs.concursos
2026-08-01 09:14:37 | INFO | Cog carregada: cogs.aulas
2026-08-01 09:14:37 | INFO | Cog carregada: cogs.empresas
2026-08-01 09:14:37 | INFO | Cog carregada: cogs.viagem
2026-08-01 09:14:37 | INFO | Cog carregada: cogs.relacionamentos
2026-08-01 09:14:37 | INFO | Cog carregada: cogs.delivery
2026-08-01 09:14:37 | INFO | Cog carregada: cogs.ia_empresas
2026-08-01 09:14:37 | INFO | Cog carregada: cogs.clima
2026-08-01 09:14:37 | INFO | Cog carregada: cogs.cpf
2026-08-01 09:14:37 | INFO | Cog carregada: cogs.heranca
2026-08-01 09:14:37 | INFO | Cog carregada: cogs.menu
2026-08-01 09:14:37 | INFO | Cog carregada: cogs.agressao
2026-08-01 09:14:37 | INFO | Cog carregada: cogs.acao_privada
2026-08-01 09:14:37 | INFO | Cog carregada: cogs.news
2026-08-01 09:14:37 | INFO | Cog carregada: cogs.admin_ativacao
2026-08-01 09:14:40 | INFO | Bot conectado como Econonelo RP#9444 (ID: 1532558409356939284)
2026-08-01 09:14:40 | INFO | Prefixo ativo: ?
2026-08-01 09:14:40 | INFO | ACAO | ESTADO_MUNDO_ATUALIZADO | dia = 4
2026-08-01 09:14:40 | INFO | ACAO | NOTICIA_GERADA | id=3 categoria=esportes
2026-08-01 09:14:40 | INFO | ACAO | ESTADO_MUNDO_ATUALIZADO | inflacao = 2.5
2026-08-01 09:15:02 | ERROR | Erro no comando empresas (user=501786436425744387): Command raised an exception: TypeError: embed_info() got an unexpected keyword argument 'ephemeral'
2026-08-01 09:15:02 | ERROR | NoneType: None

2026-08-01 09:15:02 | INFO | ACAO | ERRO_COMANDO | cmd=empresas user=501786436425744387 error=Command raised an exception: TypeError: embed_info() got an unexpected keyword argument 'ephemeral'
2026-08-01 09:23:34 | INFO | ACAO | BOT_INICIANDO | carregando banco e cogs
2026-08-01 09:23:34 | INFO | ACAO | BANCO_INICIADO | schema_version=24
2026-08-01 09:23:34 | INFO | Cog carregada: cogs.personagem
2026-08-01 09:23:34 | INFO | Cog carregada: cogs.familia
2026-08-01 09:23:34 | INFO | Cog carregada: cogs.oab
2026-08-01 09:23:34 | INFO | Cog carregada: cogs.provas
2026-08-01 09:23:34 | INFO | Cog carregada: cogs.emergencia
2026-08-01 09:23:34 | INFO | Cog carregada: cogs.profissoes
2026-08-01 09:23:34 | INFO | Cog carregada: cogs.economia
2026-08-01 09:23:34 | INFO | Cog carregada: cogs.eventos
2026-08-01 09:23:34 | INFO | Cog carregada: cogs.ajuda
2026-08-01 09:23:34 | INFO | Cog carregada: cogs.status
2026-08-01 09:23:34 | INFO | Cog carregada: cogs.acoes
2026-08-01 09:23:34 | INFO | Cog carregada: cogs.inventario
2026-08-01 09:23:34 | INFO | Cog carregada: cogs.npcs
2026-08-01 09:23:34 | INFO | Cog carregada: cogs.casas
2026-08-01 09:23:34 | INFO | Cog carregada: cogs.veiculos
2026-08-01 09:23:34 | INFO | Cog carregada: cogs.locais
2026-08-01 09:23:34 | INFO | Cog carregada: cogs.balanceamento
2026-08-01 09:23:34 | INFO | Cog carregada: cogs.minigames
2026-08-01 09:23:34 | INFO | Cog carregada: cogs.justica
2026-08-01 09:23:34 | INFO | Cog carregada: cogs.educacao
2026-08-01 09:23:34 | INFO | Cog carregada: cogs.ia_mundo
2026-08-01 09:23:34 | INFO | Cog carregada: cogs.profissional
2026-08-01 09:23:34 | INFO | Cog carregada: cogs.editar
2026-08-01 09:23:34 | INFO | Cog carregada: cogs.comandos_exclusivos
2026-08-01 09:23:34 | INFO | Cog carregada: cogs.corrupcao
2026-08-01 09:23:34 | INFO | Cog carregada: cogs.concursos
2026-08-01 09:23:34 | INFO | Cog carregada: cogs.aulas
2026-08-01 09:23:34 | ERROR | Falha ao carregar cog cogs.empresas: Extension 'cogs.empresas' raised an error: SyntaxError: 'await' outside function (empresas.py, line 75)
2026-08-01 09:23:34 | ERROR | Traceback (most recent call last):
  File "/data/data/com.termux/files/usr/lib/python3.13/site-packages/discord/ext/commands/bot.py", line 962, in _load_from_module_spec
    spec.loader.exec_module(lib)  # type: ignore
    ~~~~~~~~~~~~~~~~~~~~~~~^^^^^
  File "<frozen importlib._bootstrap_external>", line 1019, in exec_module
  File "<frozen importlib._bootstrap_external>", line 1157, in get_code
  File "<frozen importlib._bootstrap_external>", line 1087, in source_to_code
  File "<frozen importlib._bootstrap>", line 488, in _call_with_frames_removed
  File "/data/data/com.termux/files/home/Econonelo/rpbot/cogs/empresas.py", line 75
    await ctx.reply(embed=embed, ephemeral=True)
    ^^^^^^^^^^^^^^^^^^^^^^^^^^^^^^^^^^^^^^^^^^^^
SyntaxError: 'await' outside function

The above exception was the direct cause of the following exception:

Traceback (most recent call last):
  File "/data/data/com.termux/files/home/Econonelo/rpbot/bot.py", line 139, in main
    await bot.load_extension(cog)
  File "/data/data/com.termux/files/usr/lib/python3.13/site-packages/discord/ext/commands/bot.py", line 1040, in load_extension
    await self._load_from_module_spec(spec, name)
  File "/data/data/com.termux/files/usr/lib/python3.13/site-packages/discord/ext/commands/bot.py", line 965, in _load_from_module_spec
    raise errors.ExtensionFailed(key, e) from e
discord.ext.commands.errors.ExtensionFailed: Extension 'cogs.empresas' raised an error: SyntaxError: 'await' outside function (empresas.py, line 75)

2026-08-01 09:23:34 | INFO | Cog carregada: cogs.viagem
2026-08-01 09:23:34 | INFO | Cog carregada: cogs.relacionamentos
2026-08-01 09:23:34 | INFO | Cog carregada: cogs.delivery
2026-08-01 09:23:34 | INFO | Cog carregada: cogs.ia_empresas
2026-08-01 09:23:34 | INFO | Cog carregada: cogs.clima
2026-08-01 09:23:34 | INFO | Cog carregada: cogs.cpf
2026-08-01 09:23:34 | INFO | Cog carregada: cogs.heranca
2026-08-01 09:23:34 | INFO | Cog carregada: cogs.menu
2026-08-01 09:23:34 | INFO | Cog carregada: cogs.agressao
2026-08-01 09:23:34 | INFO | Cog carregada: cogs.acao_privada
2026-08-01 09:23:34 | INFO | Cog carregada: cogs.news
2026-08-01 09:23:34 | INFO | Cog carregada: cogs.admin_ativacao
2026-08-01 09:23:34 | INFO | Cog carregada: cogs.imagens
2026-08-01 09:23:38 | INFO | Bot conectado como Econonelo RP#9444 (ID: 1532558409356939284)
2026-08-01 09:23:38 | INFO | Prefixo ativo: ?
2026-08-01 09:23:38 | INFO | ACAO | ESTADO_MUNDO_ATUALIZADO | dia = 5
2026-08-01 09:23:39 | INFO | ACAO | NOTICIA_GERADA | id=4 categoria=clima
2026-08-01 09:23:39 | INFO | ACAO | ESTADO_MUNDO_ATUALIZADO | inflacao = 2.5
2026-08-01 09:27:51 | INFO | ACAO | BOT_INICIANDO | carregando banco e cogs
2026-08-01 09:27:51 | INFO | ACAO | BANCO_INICIADO | schema_version=24
2026-08-01 09:27:51 | INFO | Cog carregada: cogs.personagem
2026-08-01 09:27:51 | INFO | Cog carregada: cogs.familia
2026-08-01 09:27:51 | INFO | Cog carregada: cogs.oab
2026-08-01 09:27:51 | INFO | Cog carregada: cogs.provas
2026-08-01 09:27:51 | INFO | Cog carregada: cogs.emergencia
2026-08-01 09:27:51 | INFO | Cog carregada: cogs.profissoes
2026-08-01 09:27:51 | INFO | Cog carregada: cogs.economia
2026-08-01 09:27:51 | INFO | Cog carregada: cogs.eventos
2026-08-01 09:27:51 | INFO | Cog carregada: cogs.ajuda
2026-08-01 09:27:51 | INFO | Cog carregada: cogs.status
2026-08-01 09:27:51 | INFO | Cog carregada: cogs.acoes
2026-08-01 09:27:51 | INFO | Cog carregada: cogs.inventario
2026-08-01 09:27:51 | INFO | Cog carregada: cogs.npcs
2026-08-01 09:27:51 | INFO | Cog carregada: cogs.casas
2026-08-01 09:27:51 | INFO | Cog carregada: cogs.veiculos
2026-08-01 09:27:51 | INFO | Cog carregada: cogs.locais
2026-08-01 09:27:51 | INFO | Cog carregada: cogs.balanceamento
2026-08-01 09:27:51 | INFO | Cog carregada: cogs.minigames
2026-08-01 09:27:51 | INFO | Cog carregada: cogs.justica
2026-08-01 09:27:51 | INFO | Cog carregada: cogs.educacao
2026-08-01 09:27:51 | INFO | Cog carregada: cogs.ia_mundo
2026-08-01 09:27:51 | INFO | Cog carregada: cogs.profissional
2026-08-01 09:27:51 | INFO | Cog carregada: cogs.editar
2026-08-01 09:27:51 | INFO | Cog carregada: cogs.comandos_exclusivos
2026-08-01 09:27:51 | INFO | Cog carregada: cogs.corrupcao
2026-08-01 09:27:51 | INFO | Cog carregada: cogs.concursos
2026-08-01 09:27:51 | INFO | Cog carregada: cogs.aulas
2026-08-01 09:27:51 | INFO | Cog carregada: cogs.empresas
2026-08-01 09:27:51 | INFO | Cog carregada: cogs.viagem
2026-08-01 09:27:51 | INFO | Cog carregada: cogs.relacionamentos
2026-08-01 09:27:51 | INFO | Cog carregada: cogs.delivery
2026-08-01 09:27:51 | ERROR | Falha ao carregar cog cogs.ia_empresas: Extension 'cogs.ia_empresas' raised an error: CommandRegistrationError: The command statusempresa is already an existing command or alias.
2026-08-01 09:27:51 | ERROR | Traceback (most recent call last):
  File "/data/data/com.termux/files/usr/lib/python3.13/site-packages/discord/ext/commands/bot.py", line 974, in _load_from_module_spec
    await setup(self)
  File "/data/data/com.termux/files/home/Econonelo/rpbot/cogs/ia_empresas.py", line 117, in setup
    await bot.add_cog(IAEmpresas(bot))
  File "/data/data/com.termux/files/usr/lib/python3.13/site-packages/discord/ext/commands/bot.py", line 810, in add_cog
    cog = await cog._inject(self, override=override, guild=guild, guilds=guilds)
          ^^^^^^^^^^^^^^^^^^^^^^^^^^^^^^^^^^^^^^^^^^^^^^^^^^^^^^^^^^^^^^^^^^^^^^
  File "/data/data/com.termux/files/usr/lib/python3.13/site-packages/discord/ext/commands/cog.py", line 729, in _inject
    raise e
  File "/data/data/com.termux/files/usr/lib/python3.13/site-packages/discord/ext/commands/cog.py", line 720, in _inject
    bot.add_command(command)
    ~~~~~~~~~~~~~~~^^^^^^^^^
  File "/data/data/com.termux/files/usr/lib/python3.13/site-packages/discord/ext/commands/bot.py", line 264, in add_command
    super().add_command(command)
    ~~~~~~~~~~~~~~~~~~~^^^^^^^^^
  File "/data/data/com.termux/files/usr/lib/python3.13/site-packages/discord/ext/commands/core.py", line 1391, in add_command
    raise CommandRegistrationError(command.name)
discord.ext.commands.errors.CommandRegistrationError: The command statusempresa is already an existing command or alias.

The above exception was the direct cause of the following exception:

Traceback (most recent call last):
  File "/data/data/com.termux/files/home/Econonelo/rpbot/bot.py", line 139, in main
    await bot.load_extension(cog)
  File "/data/data/com.termux/files/usr/lib/python3.13/site-packages/discord/ext/commands/bot.py", line 1040, in load_extension
    await self._load_from_module_spec(spec, name)
  File "/data/data/com.termux/files/usr/lib/python3.13/site-packages/discord/ext/commands/bot.py", line 979, in _load_from_module_spec
    raise errors.ExtensionFailed(key, e) from e
discord.ext.commands.errors.ExtensionFailed: Extension 'cogs.ia_empresas' raised an error: CommandRegistrationError: The command statusempresa is already an existing command or alias.

2026-08-01 09:27:51 | INFO | Cog carregada: cogs.clima
2026-08-01 09:27:51 | INFO | Cog carregada: cogs.cpf
2026-08-01 09:27:51 | INFO | Cog carregada: cogs.heranca
2026-08-01 09:27:51 | INFO | Cog carregada: cogs.menu
2026-08-01 09:27:51 | INFO | Cog carregada: cogs.agressao
2026-08-01 09:27:51 | INFO | Cog carregada: cogs.acao_privada
2026-08-01 09:27:51 | INFO | Cog carregada: cogs.news
2026-08-01 09:27:51 | INFO | Cog carregada: cogs.admin_ativacao
2026-08-01 09:27:51 | INFO | Cog carregada: cogs.imagens
2026-08-01 09:27:55 | INFO | Bot conectado como Econonelo RP#9444 (ID: 1532558409356939284)
2026-08-01 09:27:55 | INFO | Prefixo ativo: ?
2026-08-01 09:27:55 | INFO | ACAO | ESTADO_MUNDO_ATUALIZADO | dia = 6
2026-08-01 09:27:55 | INFO | ACAO | NOTICIA_GERADA | id=5 categoria=clima
2026-08-01 09:27:55 | INFO | ACAO | ESTADO_MUNDO_ATUALIZADO | inflacao = 2.4
2026-08-01 09:28:49 | INFO | ACAO | BOT_INICIANDO | carregando banco e cogs
2026-08-01 09:28:49 | INFO | ACAO | BANCO_INICIADO | schema_version=24
2026-08-01 09:28:49 | INFO | Cog carregada: cogs.personagem
2026-08-01 09:28:49 | INFO | Cog carregada: cogs.familia
2026-08-01 09:28:49 | INFO | Cog carregada: cogs.oab
2026-08-01 09:28:49 | INFO | Cog carregada: cogs.provas
2026-08-01 09:28:49 | INFO | Cog carregada: cogs.emergencia
2026-08-01 09:28:49 | INFO | Cog carregada: cogs.profissoes
2026-08-01 09:28:49 | INFO | Cog carregada: cogs.economia
2026-08-01 09:28:49 | INFO | Cog carregada: cogs.eventos
2026-08-01 09:28:49 | INFO | Cog carregada: cogs.ajuda
2026-08-01 09:28:49 | INFO | Cog carregada: cogs.status
2026-08-01 09:28:49 | INFO | Cog carregada: cogs.acoes
2026-08-01 09:28:49 | INFO | Cog carregada: cogs.inventario
2026-08-01 09:28:49 | INFO | Cog carregada: cogs.npcs
2026-08-01 09:28:49 | INFO | Cog carregada: cogs.casas
2026-08-01 09:28:49 | INFO | Cog carregada: cogs.veiculos
2026-08-01 09:28:49 | INFO | Cog carregada: cogs.locais
2026-08-01 09:28:49 | INFO | Cog carregada: cogs.balanceamento
2026-08-01 09:28:49 | INFO | Cog carregada: cogs.minigames
2026-08-01 09:28:49 | INFO | Cog carregada: cogs.justica
2026-08-01 09:28:49 | INFO | Cog carregada: cogs.educacao
2026-08-01 09:28:49 | INFO | Cog carregada: cogs.ia_mundo
2026-08-01 09:28:49 | INFO | Cog carregada: cogs.profissional
2026-08-01 09:28:49 | INFO | Cog carregada: cogs.editar
2026-08-01 09:28:49 | INFO | Cog carregada: cogs.comandos_exclusivos
2026-08-01 09:28:49 | INFO | Cog carregada: cogs.corrupcao
2026-08-01 09:28:49 | INFO | Cog carregada: cogs.concursos
2026-08-01 09:28:49 | INFO | Cog carregada: cogs.aulas
2026-08-01 09:28:49 | INFO | Cog carregada: cogs.empresas
2026-08-01 09:28:49 | INFO | Cog carregada: cogs.viagem
2026-08-01 09:28:49 | INFO | Cog carregada: cogs.relacionamentos
2026-08-01 09:28:49 | INFO | Cog carregada: cogs.delivery
2026-08-01 09:28:49 | ERROR | Falha ao carregar cog cogs.ia_empresas: Extension 'cogs.ia_empresas' raised an error: CommandRegistrationError: The command rankingempresas is already an existing command or alias.
2026-08-01 09:28:49 | ERROR | Traceback (most recent call last):
  File "/data/data/com.termux/files/usr/lib/python3.13/site-packages/discord/ext/commands/bot.py", line 974, in _load_from_module_spec
    await setup(self)
  File "/data/data/com.termux/files/home/Econonelo/rpbot/cogs/ia_empresas.py", line 77, in setup
    await bot.add_cog(IAEmpresas(bot))
  File "/data/data/com.termux/files/usr/lib/python3.13/site-packages/discord/ext/commands/bot.py", line 810, in add_cog
    cog = await cog._inject(self, override=override, guild=guild, guilds=guilds)
          ^^^^^^^^^^^^^^^^^^^^^^^^^^^^^^^^^^^^^^^^^^^^^^^^^^^^^^^^^^^^^^^^^^^^^^
  File "/data/data/com.termux/files/usr/lib/python3.13/site-packages/discord/ext/commands/cog.py", line 729, in _inject
    raise e
  File "/data/data/com.termux/files/usr/lib/python3.13/site-packages/discord/ext/commands/cog.py", line 720, in _inject
    bot.add_command(command)
    ~~~~~~~~~~~~~~~^^^^^^^^^
  File "/data/data/com.termux/files/usr/lib/python3.13/site-packages/discord/ext/commands/bot.py", line 264, in add_command
    super().add_command(command)
    ~~~~~~~~~~~~~~~~~~~^^^^^^^^^
  File "/data/data/com.termux/files/usr/lib/python3.13/site-packages/discord/ext/commands/core.py", line 1391, in add_command
    raise CommandRegistrationError(command.name)
discord.ext.commands.errors.CommandRegistrationError: The command rankingempresas is already an existing command or alias.

The above exception was the direct cause of the following exception:

Traceback (most recent call last):
  File "/data/data/com.termux/files/home/Econonelo/rpbot/bot.py", line 139, in main
    await bot.load_extension(cog)
  File "/data/data/com.termux/files/usr/lib/python3.13/site-packages/discord/ext/commands/bot.py", line 1040, in load_extension
    await self._load_from_module_spec(spec, name)
  File "/data/data/com.termux/files/usr/lib/python3.13/site-packages/discord/ext/commands/bot.py", line 979, in _load_from_module_spec
    raise errors.ExtensionFailed(key, e) from e
discord.ext.commands.errors.ExtensionFailed: Extension 'cogs.ia_empresas' raised an error: CommandRegistrationError: The command rankingempresas is already an existing command or alias.

2026-08-01 09:28:49 | INFO | Cog carregada: cogs.clima
2026-08-01 09:28:49 | INFO | Cog carregada: cogs.cpf
2026-08-01 09:28:49 | INFO | Cog carregada: cogs.heranca
2026-08-01 09:28:49 | INFO | Cog carregada: cogs.menu
2026-08-01 09:28:49 | INFO | Cog carregada: cogs.agressao
2026-08-01 09:28:49 | INFO | Cog carregada: cogs.acao_privada
2026-08-01 09:28:49 | INFO | Cog carregada: cogs.news
2026-08-01 09:28:49 | INFO | Cog carregada: cogs.admin_ativacao
2026-08-01 09:28:49 | INFO | Cog carregada: cogs.imagens
2026-08-01 09:28:54 | INFO | Bot conectado como Econonelo RP#9444 (ID: 1532558409356939284)
2026-08-01 09:28:54 | INFO | Prefixo ativo: ?
2026-08-01 09:28:54 | INFO | ACAO | ESTADO_MUNDO_ATUALIZADO | dia = 7
2026-08-01 09:28:54 | INFO | ACAO | NOTICIA_GERADA | id=6 categoria=policial
2026-08-01 09:28:54 | INFO | ACAO | ESTADO_MUNDO_ATUALIZADO | inflacao = 2.4
2026-08-01 09:28:54 | INFO | ACAO | ESTADO_MUNDO_ATUALIZADO | clima = Nublado
2026-08-01 09:31:05 | INFO | ACAO | BOT_INICIANDO | carregando banco e cogs
2026-08-01 09:31:05 | INFO | ACAO | BANCO_INICIADO | schema_version=24
2026-08-01 09:31:05 | INFO | Cog carregada: cogs.personagem
2026-08-01 09:31:05 | INFO | Cog carregada: cogs.familia
2026-08-01 09:31:06 | INFO | Cog carregada: cogs.oab
2026-08-01 09:31:06 | INFO | Cog carregada: cogs.provas
2026-08-01 09:31:06 | INFO | Cog carregada: cogs.emergencia
2026-08-01 09:31:06 | INFO | Cog carregada: cogs.profissoes
2026-08-01 09:31:06 | INFO | Cog carregada: cogs.economia
2026-08-01 09:31:06 | INFO | Cog carregada: cogs.eventos
2026-08-01 09:31:06 | INFO | Cog carregada: cogs.ajuda
2026-08-01 09:31:06 | INFO | Cog carregada: cogs.status
2026-08-01 09:31:06 | INFO | Cog carregada: cogs.acoes
2026-08-01 09:31:06 | INFO | Cog carregada: cogs.inventario
2026-08-01 09:31:06 | INFO | Cog carregada: cogs.npcs
2026-08-01 09:31:06 | INFO | Cog carregada: cogs.casas
2026-08-01 09:31:06 | INFO | Cog carregada: cogs.veiculos
2026-08-01 09:31:06 | INFO | Cog carregada: cogs.locais
2026-08-01 09:31:06 | INFO | Cog carregada: cogs.balanceamento
2026-08-01 09:31:06 | INFO | Cog carregada: cogs.minigames
2026-08-01 09:31:06 | INFO | Cog carregada: cogs.justica
2026-08-01 09:31:06 | INFO | Cog carregada: cogs.educacao
2026-08-01 09:31:06 | INFO | Cog carregada: cogs.ia_mundo
2026-08-01 09:31:06 | INFO | Cog carregada: cogs.profissional
2026-08-01 09:31:06 | INFO | Cog carregada: cogs.editar
2026-08-01 09:31:06 | INFO | Cog carregada: cogs.comandos_exclusivos
2026-08-01 09:31:06 | INFO | Cog carregada: cogs.corrupcao
2026-08-01 09:31:06 | INFO | Cog carregada: cogs.concursos
2026-08-01 09:31:06 | INFO | Cog carregada: cogs.aulas
2026-08-01 09:31:06 | INFO | Cog carregada: cogs.empresas
2026-08-01 09:31:06 | INFO | Cog carregada: cogs.viagem
2026-08-01 09:31:06 | INFO | Cog carregada: cogs.relacionamentos
2026-08-01 09:31:06 | INFO | Cog carregada: cogs.delivery
2026-08-01 09:31:06 | ERROR | Falha ao carregar cog cogs.ia_empresas: Extension 'cogs.ia_empresas' raised an error: IndentationError: expected an indented block after function definition on line 50 (ia_empresas.py, line 51)
2026-08-01 09:31:06 | ERROR | Traceback (most recent call last):
  File "/data/data/com.termux/files/usr/lib/python3.13/site-packages/discord/ext/commands/bot.py", line 962, in _load_from_module_spec
    spec.loader.exec_module(lib)  # type: ignore
    ~~~~~~~~~~~~~~~~~~~~~~~^^^^^
  File "<frozen importlib._bootstrap_external>", line 1019, in exec_module
  File "<frozen importlib._bootstrap_external>", line 1157, in get_code
  File "<frozen importlib._bootstrap_external>", line 1087, in source_to_code
  File "<frozen importlib._bootstrap>", line 488, in _call_with_frames_removed
  File "/data/data/com.termux/files/home/Econonelo/rpbot/cogs/ia_empresas.py", line 51
    await bot.add_cog(IAEmpresas(bot))
    ^^^^^
IndentationError: expected an indented block after function definition on line 50

The above exception was the direct cause of the following exception:

Traceback (most recent call last):
  File "/data/data/com.termux/files/home/Econonelo/rpbot/bot.py", line 139, in main
    await bot.load_extension(cog)
  File "/data/data/com.termux/files/usr/lib/python3.13/site-packages/discord/ext/commands/bot.py", line 1040, in load_extension
    await self._load_from_module_spec(spec, name)
  File "/data/data/com.termux/files/usr/lib/python3.13/site-packages/discord/ext/commands/bot.py", line 965, in _load_from_module_spec
    raise errors.ExtensionFailed(key, e) from e
discord.ext.commands.errors.ExtensionFailed: Extension 'cogs.ia_empresas' raised an error: IndentationError: expected an indented block after function definition on line 50 (ia_empresas.py, line 51)

2026-08-01 09:31:06 | INFO | Cog carregada: cogs.clima
2026-08-01 09:31:06 | INFO | Cog carregada: cogs.cpf
2026-08-01 09:31:06 | INFO | Cog carregada: cogs.heranca
2026-08-01 09:31:06 | INFO | Cog carregada: cogs.menu
2026-08-01 09:31:06 | INFO | Cog carregada: cogs.agressao
2026-08-01 09:31:06 | INFO | Cog carregada: cogs.acao_privada
2026-08-01 09:31:06 | INFO | Cog carregada: cogs.news
2026-08-01 09:31:06 | INFO | Cog carregada: cogs.admin_ativacao
2026-08-01 09:31:06 | INFO | Cog carregada: cogs.imagens
2026-08-01 09:31:09 | INFO | Bot conectado como Econonelo RP#9444 (ID: 1532558409356939284)
2026-08-01 09:31:09 | INFO | Prefixo ativo: ?
2026-08-01 09:31:09 | INFO | ACAO | ESTADO_MUNDO_ATUALIZADO | dia = 8
2026-08-01 09:31:09 | INFO | ACAO | NOTICIA_GERADA | id=7 categoria=policial
2026-08-01 09:31:09 | INFO | ACAO | ESTADO_MUNDO_ATUALIZADO | inflacao = 2.2
2026-08-01 09:31:09 | INFO | ACAO | ESTADO_MUNDO_ATUALIZADO | clima = Frio
2026-08-01 09:33:00 | INFO | ACAO | BOT_INICIANDO | carregando banco e cogs
2026-08-01 09:33:00 | INFO | ACAO | BANCO_INICIADO | schema_version=24
2026-08-01 09:33:00 | INFO | Cog carregada: cogs.personagem
2026-08-01 09:33:00 | INFO | Cog carregada: cogs.familia
2026-08-01 09:33:00 | INFO | Cog carregada: cogs.oab
2026-08-01 09:33:00 | INFO | Cog carregada: cogs.provas
2026-08-01 09:33:00 | INFO | Cog carregada: cogs.emergencia
2026-08-01 09:33:00 | INFO | Cog carregada: cogs.profissoes
2026-08-01 09:33:01 | INFO | Cog carregada: cogs.economia
2026-08-01 09:33:01 | INFO | Cog carregada: cogs.eventos
2026-08-01 09:33:01 | INFO | Cog carregada: cogs.ajuda
2026-08-01 09:33:01 | INFO | Cog carregada: cogs.status
2026-08-01 09:33:01 | INFO | Cog carregada: cogs.acoes
2026-08-01 09:33:01 | INFO | Cog carregada: cogs.inventario
2026-08-01 09:33:01 | INFO | Cog carregada: cogs.npcs
2026-08-01 09:33:01 | INFO | Cog carregada: cogs.casas
2026-08-01 09:33:01 | INFO | Cog carregada: cogs.veiculos
2026-08-01 09:33:01 | INFO | Cog carregada: cogs.locais
2026-08-01 09:33:01 | INFO | Cog carregada: cogs.balanceamento
2026-08-01 09:33:01 | INFO | Cog carregada: cogs.minigames
2026-08-01 09:33:01 | INFO | Cog carregada: cogs.justica
2026-08-01 09:33:01 | INFO | Cog carregada: cogs.educacao
2026-08-01 09:33:01 | INFO | Cog carregada: cogs.ia_mundo
2026-08-01 09:33:01 | INFO | Cog carregada: cogs.profissional
2026-08-01 09:33:01 | INFO | Cog carregada: cogs.editar
2026-08-01 09:33:01 | INFO | Cog carregada: cogs.comandos_exclusivos
2026-08-01 09:33:01 | INFO | Cog carregada: cogs.corrupcao
2026-08-01 09:33:01 | INFO | Cog carregada: cogs.concursos
2026-08-01 09:33:01 | INFO | Cog carregada: cogs.aulas
2026-08-01 09:33:01 | INFO | Cog carregada: cogs.empresas
2026-08-01 09:33:01 | INFO | Cog carregada: cogs.viagem
2026-08-01 09:33:01 | INFO | Cog carregada: cogs.relacionamentos
2026-08-01 09:33:01 | INFO | Cog carregada: cogs.delivery
2026-08-01 09:33:01 | INFO | Cog carregada: cogs.ia_empresas
2026-08-01 09:33:01 | INFO | Cog carregada: cogs.clima
2026-08-01 09:33:01 | INFO | Cog carregada: cogs.cpf
2026-08-01 09:33:01 | INFO | Cog carregada: cogs.heranca
2026-08-01 09:33:01 | INFO | Cog carregada: cogs.menu
2026-08-01 09:33:01 | INFO | Cog carregada: cogs.agressao
2026-08-01 09:33:01 | INFO | Cog carregada: cogs.acao_privada
2026-08-01 09:33:01 | INFO | Cog carregada: cogs.news
2026-08-01 09:33:01 | INFO | Cog carregada: cogs.admin_ativacao
2026-08-01 09:33:01 | INFO | Cog carregada: cogs.imagens
2026-08-01 09:33:04 | INFO | Bot conectado como Econonelo RP#9444 (ID: 1532558409356939284)
2026-08-01 09:33:04 | INFO | Prefixo ativo: ?
2026-08-01 09:33:04 | INFO | ACAO | ESTADO_MUNDO_ATUALIZADO | dia = 9
2026-08-01 09:33:04 | INFO | ACAO | NOTICIA_GERADA | id=8 categoria=policial
2026-08-01 09:33:04 | INFO | ACAO | ESTADO_MUNDO_ATUALIZADO | inflacao = 2.4
2026-08-01 09:43:20 | INFO | ACAO | BOT_INICIANDO | carregando banco e cogs
2026-08-01 09:43:20 | INFO | ACAO | BANCO_INICIADO | schema_version=24
2026-08-01 09:43:20 | INFO | Cog carregada: cogs.personagem
2026-08-01 09:43:20 | INFO | Cog carregada: cogs.familia
2026-08-01 09:43:20 | INFO | Cog carregada: cogs.oab
2026-08-01 09:43:20 | INFO | Cog carregada: cogs.provas
2026-08-01 09:43:20 | INFO | Cog carregada: cogs.emergencia
2026-08-01 09:43:20 | INFO | Cog carregada: cogs.profissoes
2026-08-01 09:43:20 | INFO | Cog carregada: cogs.economia
2026-08-01 09:43:20 | INFO | Cog carregada: cogs.eventos
2026-08-01 09:43:20 | INFO | Cog carregada: cogs.ajuda
2026-08-01 09:43:20 | INFO | Cog carregada: cogs.status
2026-08-01 09:43:20 | INFO | Cog carregada: cogs.acoes
2026-08-01 09:43:20 | INFO | Cog carregada: cogs.inventario
2026-08-01 09:43:20 | INFO | Cog carregada: cogs.npcs
2026-08-01 09:43:20 | INFO | Cog carregada: cogs.casas
2026-08-01 09:43:20 | INFO | Cog carregada: cogs.veiculos
2026-08-01 09:43:20 | INFO | Cog carregada: cogs.locais
2026-08-01 09:43:20 | INFO | Cog carregada: cogs.balanceamento
2026-08-01 09:43:20 | INFO | Cog carregada: cogs.minigames
2026-08-01 09:43:20 | INFO | Cog carregada: cogs.justica
2026-08-01 09:43:20 | INFO | Cog carregada: cogs.educacao
2026-08-01 09:43:20 | INFO | Cog carregada: cogs.ia_mundo
2026-08-01 09:43:20 | INFO | Cog carregada: cogs.profissional
2026-08-01 09:43:20 | INFO | Cog carregada: cogs.editar
2026-08-01 09:43:20 | INFO | Cog carregada: cogs.comandos_exclusivos
2026-08-01 09:43:20 | INFO | Cog carregada: cogs.corrupcao
2026-08-01 09:43:20 | INFO | Cog carregada: cogs.concursos
2026-08-01 09:43:20 | INFO | Cog carregada: cogs.aulas
2026-08-01 09:43:20 | INFO | Cog carregada: cogs.empresas
2026-08-01 09:43:20 | INFO | Cog carregada: cogs.viagem
2026-08-01 09:43:20 | INFO | Cog carregada: cogs.relacionamentos
2026-08-01 09:43:20 | INFO | Cog carregada: cogs.delivery
2026-08-01 09:43:20 | INFO | Cog carregada: cogs.ia_empresas
2026-08-01 09:43:20 | INFO | Cog carregada: cogs.clima
2026-08-01 09:43:20 | INFO | Cog carregada: cogs.cpf
2026-08-01 09:43:20 | INFO | Cog carregada: cogs.heranca
2026-08-01 09:43:20 | INFO | Cog carregada: cogs.menu
2026-08-01 09:43:20 | INFO | Cog carregada: cogs.agressao
2026-08-01 09:43:20 | INFO | Cog carregada: cogs.acao_privada
2026-08-01 09:43:20 | INFO | Cog carregada: cogs.news
2026-08-01 09:43:20 | INFO | Cog carregada: cogs.admin_ativacao
2026-08-01 09:43:20 | INFO | Cog carregada: cogs.imagens
2026-08-01 09:43:23 | INFO | Bot conectado como Econonelo RP#9444 (ID: 1532558409356939284)
2026-08-01 09:43:23 | INFO | Prefixo ativo: ?
2026-08-01 09:43:23 | INFO | ACAO | ESTADO_MUNDO_ATUALIZADO | dia = 10
2026-08-01 09:43:23 | INFO | ACAO | NOTICIA_GERADA | id=9 categoria=esportes
2026-08-01 09:43:23 | INFO | ACAO | ESTADO_MUNDO_ATUALIZADO | inflacao = 2.2
2026-08-01 09:51:40 | INFO | ACAO | BOT_INICIANDO | carregando banco e cogs
2026-08-01 09:51:40 | INFO | ACAO | BANCO_INICIADO | schema_version=24
2026-08-01 09:51:40 | INFO | Cog carregada: cogs.personagem
2026-08-01 09:51:40 | INFO | Cog carregada: cogs.familia
2026-08-01 09:51:40 | INFO | Cog carregada: cogs.oab
2026-08-01 09:51:40 | INFO | Cog carregada: cogs.provas
2026-08-01 09:51:40 | INFO | Cog carregada: cogs.emergencia
2026-08-01 09:51:40 | INFO | Cog carregada: cogs.profissoes
2026-08-01 09:51:40 | INFO | Cog carregada: cogs.economia
2026-08-01 09:51:40 | INFO | Cog carregada: cogs.eventos
2026-08-01 09:51:40 | INFO | Cog carregada: cogs.ajuda
2026-08-01 09:51:40 | INFO | Cog carregada: cogs.status
2026-08-01 09:51:40 | INFO | Cog carregada: cogs.acoes
2026-08-01 09:51:40 | INFO | Cog carregada: cogs.inventario
2026-08-01 09:51:40 | INFO | Cog carregada: cogs.npcs
2026-08-01 09:51:40 | INFO | Cog carregada: cogs.casas
2026-08-01 09:51:40 | INFO | Cog carregada: cogs.veiculos
2026-08-01 09:51:40 | INFO | Cog carregada: cogs.locais
2026-08-01 09:51:40 | INFO | Cog carregada: cogs.balanceamento
2026-08-01 09:51:40 | INFO | Cog carregada: cogs.minigames
2026-08-01 09:51:40 | INFO | Cog carregada: cogs.justica
2026-08-01 09:51:40 | INFO | Cog carregada: cogs.educacao
2026-08-01 09:51:40 | INFO | Cog carregada: cogs.ia_mundo
2026-08-01 09:51:40 | INFO | Cog carregada: cogs.profissional
2026-08-01 09:51:40 | INFO | Cog carregada: cogs.editar
2026-08-01 09:51:40 | INFO | Cog carregada: cogs.comandos_exclusivos
2026-08-01 09:51:40 | INFO | Cog carregada: cogs.corrupcao
2026-08-01 09:51:40 | INFO | Cog carregada: cogs.concursos
2026-08-01 09:51:40 | INFO | Cog carregada: cogs.aulas
2026-08-01 09:51:40 | INFO | Cog carregada: cogs.empresas
2026-08-01 09:51:40 | INFO | Cog carregada: cogs.viagem
2026-08-01 09:51:40 | INFO | Cog carregada: cogs.relacionamentos
2026-08-01 09:51:40 | INFO | Cog carregada: cogs.delivery
2026-08-01 09:51:40 | INFO | Cog carregada: cogs.ia_empresas
2026-08-01 09:51:40 | INFO | Cog carregada: cogs.clima
2026-08-01 09:51:40 | INFO | Cog carregada: cogs.cpf
2026-08-01 09:51:40 | INFO | Cog carregada: cogs.heranca
2026-08-01 09:51:40 | INFO | Cog carregada: cogs.menu
2026-08-01 09:51:40 | INFO | Cog carregada: cogs.agressao
2026-08-01 09:51:40 | INFO | Cog carregada: cogs.acao_privada
2026-08-01 09:51:40 | INFO | Cog carregada: cogs.news
2026-08-01 09:51:40 | INFO | Cog carregada: cogs.admin_ativacao
2026-08-01 09:51:40 | INFO | Cog carregada: cogs.imagens
2026-08-01 09:51:45 | INFO | Bot conectado como Econonelo RP#9444 (ID: 1532558409356939284)
2026-08-01 09:51:45 | INFO | Prefixo ativo: ?
2026-08-01 09:51:45 | INFO | ACAO | ESTADO_MUNDO_ATUALIZADO | dia = 11
2026-08-01 09:51:45 | INFO | ACAO | NOTICIA_GERADA | id=10 categoria=esportes
2026-08-01 09:51:45 | INFO | ACAO | ESTADO_MUNDO_ATUALIZADO | inflacao = 2.3
2026-08-01 09:51:45 | INFO | ACAO | ESTADO_MUNDO_ATUALIZADO | clima = Frio
2026-08-01 09:57:12 | INFO | ACAO | BOT_INICIANDO | carregando banco e cogs
2026-08-01 09:57:12 | INFO | ACAO | BANCO_INICIADO | schema_version=24
2026-08-01 09:57:12 | INFO | Cog carregada: cogs.personagem
2026-08-01 09:57:12 | INFO | Cog carregada: cogs.familia
2026-08-01 09:57:12 | INFO | Cog carregada: cogs.oab
2026-08-01 09:57:12 | INFO | Cog carregada: cogs.provas
2026-08-01 09:57:12 | INFO | Cog carregada: cogs.emergencia
2026-08-01 09:57:12 | INFO | Cog carregada: cogs.profissoes
2026-08-01 09:57:12 | INFO | Cog carregada: cogs.economia
2026-08-01 09:57:12 | INFO | Cog carregada: cogs.eventos
2026-08-01 09:57:12 | INFO | Cog carregada: cogs.ajuda
2026-08-01 09:57:12 | INFO | Cog carregada: cogs.status
2026-08-01 09:57:12 | INFO | Cog carregada: cogs.acoes
2026-08-01 09:57:12 | INFO | Cog carregada: cogs.inventario
2026-08-01 09:57:12 | INFO | Cog carregada: cogs.npcs
2026-08-01 09:57:12 | INFO | Cog carregada: cogs.casas
2026-08-01 09:57:12 | INFO | Cog carregada: cogs.veiculos
2026-08-01 09:57:12 | INFO | Cog carregada: cogs.locais
2026-08-01 09:57:12 | INFO | Cog carregada: cogs.balanceamento
2026-08-01 09:57:12 | INFO | Cog carregada: cogs.minigames
2026-08-01 09:57:12 | INFO | Cog carregada: cogs.justica
2026-08-01 09:57:12 | INFO | Cog carregada: cogs.educacao
2026-08-01 09:57:12 | INFO | Cog carregada: cogs.ia_mundo
2026-08-01 09:57:12 | INFO | Cog carregada: cogs.profissional
2026-08-01 09:57:12 | INFO | Cog carregada: cogs.editar
2026-08-01 09:57:12 | INFO | Cog carregada: cogs.comandos_exclusivos
2026-08-01 09:57:12 | INFO | Cog carregada: cogs.corrupcao
2026-08-01 09:57:12 | INFO | Cog carregada: cogs.concursos
2026-08-01 09:57:12 | INFO | Cog carregada: cogs.aulas
2026-08-01 09:57:12 | INFO | Cog carregada: cogs.empresas
2026-08-01 09:57:12 | INFO | Cog carregada: cogs.viagem
2026-08-01 09:57:12 | INFO | Cog carregada: cogs.relacionamentos
2026-08-01 09:57:12 | INFO | Cog carregada: cogs.delivery
2026-08-01 09:57:12 | INFO | Cog carregada: cogs.ia_empresas
2026-08-01 09:57:12 | INFO | Cog carregada: cogs.clima
2026-08-01 09:57:12 | INFO | Cog carregada: cogs.cpf
2026-08-01 09:57:12 | INFO | Cog carregada: cogs.heranca
2026-08-01 09:57:12 | INFO | Cog carregada: cogs.menu
2026-08-01 09:57:12 | INFO | Cog carregada: cogs.agressao
2026-08-01 09:57:12 | INFO | Cog carregada: cogs.acao_privada
2026-08-01 09:57:12 | INFO | Cog carregada: cogs.news
2026-08-01 09:57:12 | INFO | Cog carregada: cogs.admin_ativacao
2026-08-01 09:57:12 | INFO | Cog carregada: cogs.imagens
2026-08-01 09:57:17 | INFO | Bot conectado como Econonelo RP#9444 (ID: 1532558409356939284)
2026-08-01 09:57:17 | INFO | Prefixo ativo: ?
2026-08-01 09:57:17 | INFO | ACAO | ESTADO_MUNDO_ATUALIZADO | dia = 12
2026-08-01 09:57:17 | INFO | ACAO | NOTICIA_GERADA | id=11 categoria=clima
2026-08-01 09:57:17 | INFO | ACAO | ESTADO_MUNDO_ATUALIZADO | inflacao = 2.5
2026-08-01 09:57:17 | INFO | ACAO | ESTADO_MUNDO_ATUALIZADO | clima = Nublado
2026-08-01 10:06:17 | INFO | ACAO | BOT_INICIANDO | carregando banco e cogs
2026-08-01 10:06:17 | INFO | ACAO | BANCO_INICIADO | schema_version=24
2026-08-01 10:06:17 | INFO | Cog carregada: cogs.personagem
2026-08-01 10:06:17 | INFO | Cog carregada: cogs.familia
2026-08-01 10:06:17 | INFO | Cog carregada: cogs.oab
2026-08-01 10:06:17 | INFO | Cog carregada: cogs.provas
2026-08-01 10:06:17 | INFO | Cog carregada: cogs.emergencia
2026-08-01 10:06:17 | ERROR | Falha ao carregar cog cogs.profissoes: Extension 'cogs.profissoes' raised an error: SyntaxError: unexpected character after line continuation character (profissoes.py, line 3)
2026-08-01 10:06:17 | ERROR | Traceback (most recent call last):
  File "/data/data/com.termux/files/usr/lib/python3.13/site-packages/discord/ext/commands/bot.py", line 962, in _load_from_module_spec
    spec.loader.exec_module(lib)  # type: ignore
    ~~~~~~~~~~~~~~~~~~~~~~~^^^^^
  File "<frozen importlib._bootstrap_external>", line 1019, in exec_module
  File "<frozen importlib._bootstrap_external>", line 1157, in get_code
  File "<frozen importlib._bootstrap_external>", line 1087, in source_to_code
  File "<frozen importlib._bootstrap>", line 488, in _call_with_frames_removed
  File "/data/data/com.termux/files/home/Econonelo/rpbot/cogs/profissoes.py", line 3
    import json\nimport os
                ^
SyntaxError: unexpected character after line continuation character

The above exception was the direct cause of the following exception:

Traceback (most recent call last):
  File "/data/data/com.termux/files/home/Econonelo/rpbot/bot.py", line 139, in main
    await bot.load_extension(cog)
  File "/data/data/com.termux/files/usr/lib/python3.13/site-packages/discord/ext/commands/bot.py", line 1040, in load_extension
    await self._load_from_module_spec(spec, name)
  File "/data/data/com.termux/files/usr/lib/python3.13/site-packages/discord/ext/commands/bot.py", line 965, in _load_from_module_spec
    raise errors.ExtensionFailed(key, e) from e
discord.ext.commands.errors.ExtensionFailed: Extension 'cogs.profissoes' raised an error: SyntaxError: unexpected character after line continuation character (profissoes.py, line 3)

2026-08-01 10:06:17 | INFO | Cog carregada: cogs.economia
2026-08-01 10:06:17 | INFO | Cog carregada: cogs.eventos
2026-08-01 10:06:17 | INFO | Cog carregada: cogs.ajuda
2026-08-01 10:06:17 | INFO | Cog carregada: cogs.status
2026-08-01 10:06:17 | INFO | Cog carregada: cogs.acoes
2026-08-01 10:06:17 | INFO | Cog carregada: cogs.inventario
2026-08-01 10:06:17 | INFO | Cog carregada: cogs.npcs
2026-08-01 10:06:17 | INFO | Cog carregada: cogs.casas
2026-08-01 10:06:17 | INFO | Cog carregada: cogs.veiculos
2026-08-01 10:06:17 | INFO | Cog carregada: cogs.locais
2026-08-01 10:06:17 | INFO | Cog carregada: cogs.balanceamento
2026-08-01 10:06:17 | INFO | Cog carregada: cogs.minigames
2026-08-01 10:06:17 | INFO | Cog carregada: cogs.justica
2026-08-01 10:06:17 | INFO | Cog carregada: cogs.educacao
2026-08-01 10:06:17 | INFO | Cog carregada: cogs.ia_mundo
2026-08-01 10:06:17 | INFO | Cog carregada: cogs.profissional
2026-08-01 10:06:17 | INFO | Cog carregada: cogs.editar
2026-08-01 10:06:18 | INFO | Cog carregada: cogs.comandos_exclusivos
2026-08-01 10:06:18 | INFO | Cog carregada: cogs.corrupcao
2026-08-01 10:06:18 | INFO | Cog carregada: cogs.concursos
2026-08-01 10:06:18 | INFO | Cog carregada: cogs.aulas
2026-08-01 10:06:18 | INFO | Cog carregada: cogs.empresas
2026-08-01 10:06:18 | INFO | Cog carregada: cogs.viagem
2026-08-01 10:06:18 | INFO | Cog carregada: cogs.relacionamentos
2026-08-01 10:06:18 | INFO | Cog carregada: cogs.delivery
2026-08-01 10:06:18 | INFO | Cog carregada: cogs.ia_empresas
2026-08-01 10:06:18 | INFO | Cog carregada: cogs.clima
2026-08-01 10:06:18 | INFO | Cog carregada: cogs.cpf
2026-08-01 10:06:18 | INFO | Cog carregada: cogs.heranca
2026-08-01 10:06:18 | INFO | Cog carregada: cogs.menu
2026-08-01 10:06:18 | INFO | Cog carregada: cogs.agressao
2026-08-01 10:06:18 | INFO | Cog carregada: cogs.acao_privada
2026-08-01 10:06:18 | INFO | Cog carregada: cogs.news
2026-08-01 10:06:18 | INFO | Cog carregada: cogs.admin_ativacao
2026-08-01 10:06:18 | INFO | Cog carregada: cogs.imagens
2026-08-01 10:06:21 | INFO | Bot conectado como Econonelo RP#9444 (ID: 1532558409356939284)
2026-08-01 10:06:21 | INFO | Prefixo ativo: ?
2026-08-01 10:06:21 | INFO | ACAO | ESTADO_MUNDO_ATUALIZADO | dia = 13
2026-08-01 10:06:21 | INFO | ACAO | NOTICIA_GERADA | id=12 categoria=entretenimento
2026-08-01 10:06:21 | INFO | ACAO | ESTADO_MUNDO_ATUALIZADO | inflacao = 2.6
2026-08-01 10:06:21 | INFO | ACAO | ESTADO_MUNDO_ATUALIZADO | clima = Nublado
2026-08-01 10:09:03 | INFO | ACAO | BOT_INICIANDO | carregando banco e cogs
2026-08-01 10:09:03 | INFO | ACAO | BANCO_INICIADO | schema_version=24
2026-08-01 10:09:03 | INFO | Cog carregada: cogs.personagem
2026-08-01 10:09:03 | INFO | Cog carregada: cogs.familia
2026-08-01 10:09:03 | INFO | Cog carregada: cogs.oab
2026-08-01 10:09:03 | INFO | Cog carregada: cogs.provas
2026-08-01 10:09:03 | INFO | Cog carregada: cogs.emergencia
2026-08-01 10:09:03 | INFO | Cog carregada: cogs.profissoes
2026-08-01 10:09:03 | INFO | Cog carregada: cogs.economia
2026-08-01 10:09:03 | INFO | Cog carregada: cogs.eventos
2026-08-01 10:09:03 | INFO | Cog carregada: cogs.ajuda
2026-08-01 10:09:03 | INFO | Cog carregada: cogs.status
2026-08-01 10:09:03 | INFO | Cog carregada: cogs.acoes
2026-08-01 10:09:03 | INFO | Cog carregada: cogs.inventario
2026-08-01 10:09:03 | INFO | Cog carregada: cogs.npcs
2026-08-01 10:09:03 | INFO | Cog carregada: cogs.casas
2026-08-01 10:09:03 | INFO | Cog carregada: cogs.veiculos
2026-08-01 10:09:03 | INFO | Cog carregada: cogs.locais
2026-08-01 10:09:03 | INFO | Cog carregada: cogs.balanceamento
2026-08-01 10:09:03 | INFO | Cog carregada: cogs.minigames
2026-08-01 10:09:03 | INFO | Cog carregada: cogs.justica
2026-08-01 10:09:03 | INFO | Cog carregada: cogs.educacao
2026-08-01 10:09:03 | INFO | Cog carregada: cogs.ia_mundo
2026-08-01 10:09:03 | INFO | Cog carregada: cogs.profissional
2026-08-01 10:09:03 | INFO | Cog carregada: cogs.editar
2026-08-01 10:09:03 | INFO | Cog carregada: cogs.comandos_exclusivos
2026-08-01 10:09:03 | INFO | Cog carregada: cogs.corrupcao
2026-08-01 10:09:03 | INFO | Cog carregada: cogs.concursos
2026-08-01 10:09:03 | INFO | Cog carregada: cogs.aulas
2026-08-01 10:09:03 | INFO | Cog carregada: cogs.empresas
2026-08-01 10:09:03 | INFO | Cog carregada: cogs.viagem
2026-08-01 10:09:03 | INFO | Cog carregada: cogs.relacionamentos
2026-08-01 10:09:03 | INFO | Cog carregada: cogs.delivery
2026-08-01 10:09:03 | INFO | Cog carregada: cogs.ia_empresas
2026-08-01 10:09:03 | INFO | Cog carregada: cogs.clima
2026-08-01 10:09:03 | INFO | Cog carregada: cogs.cpf
2026-08-01 10:09:03 | INFO | Cog carregada: cogs.heranca
2026-08-01 10:09:03 | INFO | Cog carregada: cogs.menu
2026-08-01 10:09:03 | INFO | Cog carregada: cogs.agressao
2026-08-01 10:09:03 | INFO | Cog carregada: cogs.acao_privada
2026-08-01 10:09:03 | INFO | Cog carregada: cogs.news
2026-08-01 10:09:03 | INFO | Cog carregada: cogs.admin_ativacao
2026-08-01 10:09:03 | INFO | Cog carregada: cogs.imagens
2026-08-01 10:09:07 | INFO | Bot conectado como Econonelo RP#9444 (ID: 1532558409356939284)
2026-08-01 10:09:07 | INFO | Prefixo ativo: ?
2026-08-01 10:09:07 | INFO | ACAO | ESTADO_MUNDO_ATUALIZADO | dia = 14
2026-08-01 10:09:07 | INFO | ACAO | NOTICIA_GERADA | id=13 categoria=clima
2026-08-01 10:09:07 | INFO | ACAO | ESTADO_MUNDO_ATUALIZADO | inflacao = 2.6
2026-08-01 10:12:23 | INFO | ACAO | BOT_INICIANDO | carregando banco e cogs
2026-08-01 10:12:23 | INFO | ACAO | BANCO_INICIADO | schema_version=24
2026-08-01 10:12:23 | INFO | Cog carregada: cogs.personagem
2026-08-01 10:12:23 | INFO | Cog carregada: cogs.familia
2026-08-01 10:12:23 | INFO | Cog carregada: cogs.oab
2026-08-01 10:12:23 | INFO | Cog carregada: cogs.provas
2026-08-01 10:12:23 | INFO | Cog carregada: cogs.emergencia
2026-08-01 10:12:23 | INFO | Cog carregada: cogs.profissoes
2026-08-01 10:12:23 | INFO | Cog carregada: cogs.economia
2026-08-01 10:12:23 | INFO | Cog carregada: cogs.eventos
2026-08-01 10:12:23 | INFO | Cog carregada: cogs.ajuda
2026-08-01 10:12:23 | INFO | Cog carregada: cogs.status
2026-08-01 10:12:23 | INFO | Cog carregada: cogs.acoes
2026-08-01 10:12:23 | INFO | Cog carregada: cogs.inventario
2026-08-01 10:12:23 | INFO | Cog carregada: cogs.npcs
2026-08-01 10:12:23 | INFO | Cog carregada: cogs.casas
2026-08-01 10:12:23 | INFO | Cog carregada: cogs.veiculos
2026-08-01 10:12:23 | INFO | Cog carregada: cogs.locais
2026-08-01 10:12:23 | INFO | Cog carregada: cogs.balanceamento
2026-08-01 10:12:23 | INFO | Cog carregada: cogs.minigames
2026-08-01 10:12:23 | INFO | Cog carregada: cogs.justica
2026-08-01 10:12:23 | INFO | Cog carregada: cogs.educacao
2026-08-01 10:12:23 | INFO | Cog carregada: cogs.ia_mundo
2026-08-01 10:12:23 | INFO | Cog carregada: cogs.profissional
2026-08-01 10:12:23 | INFO | Cog carregada: cogs.editar
2026-08-01 10:12:23 | INFO | Cog carregada: cogs.comandos_exclusivos
2026-08-01 10:12:23 | INFO | Cog carregada: cogs.corrupcao
2026-08-01 10:12:23 | INFO | Cog carregada: cogs.concursos
2026-08-01 10:12:23 | INFO | Cog carregada: cogs.aulas
2026-08-01 10:12:23 | INFO | Cog carregada: cogs.empresas
2026-08-01 10:12:23 | INFO | Cog carregada: cogs.viagem
2026-08-01 10:12:23 | INFO | Cog carregada: cogs.relacionamentos
2026-08-01 10:12:23 | INFO | Cog carregada: cogs.delivery
2026-08-01 10:12:23 | INFO | Cog carregada: cogs.ia_empresas
2026-08-01 10:12:23 | INFO | Cog carregada: cogs.clima
2026-08-01 10:12:23 | INFO | Cog carregada: cogs.cpf
2026-08-01 10:12:23 | INFO | Cog carregada: cogs.heranca
2026-08-01 10:12:23 | INFO | Cog carregada: cogs.menu
2026-08-01 10:12:23 | INFO | Cog carregada: cogs.agressao
2026-08-01 10:12:23 | INFO | Cog carregada: cogs.acao_privada
2026-08-01 10:12:23 | INFO | Cog carregada: cogs.news
2026-08-01 10:12:23 | INFO | Cog carregada: cogs.admin_ativacao
2026-08-01 10:12:23 | INFO | Cog carregada: cogs.imagens
2026-08-01 10:12:28 | INFO | Bot conectado como Econonelo RP#9444 (ID: 1532558409356939284)
2026-08-01 10:12:28 | INFO | Prefixo ativo: ?
2026-08-01 10:12:28 | INFO | ACAO | ESTADO_MUNDO_ATUALIZADO | dia = 15
2026-08-01 10:12:28 | INFO | ACAO | NOTICIA_GERADA | id=14 categoria=entretenimento
2026-08-01 10:12:28 | INFO | ACAO | ESTADO_MUNDO_ATUALIZADO | inflacao = 2.6
2026-08-01 10:12:28 | INFO | ACAO | ESTADO_MUNDO_ATUALIZADO | clima = Tempestade
2026-08-01 10:14:39 | INFO | ACAO | BOT_INICIANDO | carregando banco e cogs
2026-08-01 10:14:39 | INFO | ACAO | BANCO_INICIADO | schema_version=24
2026-08-01 10:14:39 | INFO | Cog carregada: cogs.personagem
2026-08-01 10:14:39 | INFO | Cog carregada: cogs.familia
2026-08-01 10:14:39 | INFO | Cog carregada: cogs.oab
2026-08-01 10:14:39 | INFO | Cog carregada: cogs.provas
2026-08-01 10:14:39 | INFO | Cog carregada: cogs.emergencia
2026-08-01 10:14:39 | INFO | Cog carregada: cogs.profissoes
2026-08-01 10:14:39 | INFO | Cog carregada: cogs.economia
2026-08-01 10:14:39 | INFO | Cog carregada: cogs.eventos
2026-08-01 10:14:39 | INFO | Cog carregada: cogs.ajuda
2026-08-01 10:14:39 | INFO | Cog carregada: cogs.status
2026-08-01 10:14:39 | INFO | Cog carregada: cogs.acoes
2026-08-01 10:14:39 | INFO | Cog carregada: cogs.inventario
2026-08-01 10:14:39 | INFO | Cog carregada: cogs.npcs
2026-08-01 10:14:39 | INFO | Cog carregada: cogs.casas
2026-08-01 10:14:39 | INFO | Cog carregada: cogs.veiculos
2026-08-01 10:14:39 | INFO | Cog carregada: cogs.locais
2026-08-01 10:14:39 | INFO | Cog carregada: cogs.balanceamento
2026-08-01 10:14:39 | INFO | Cog carregada: cogs.minigames
2026-08-01 10:14:39 | INFO | Cog carregada: cogs.justica
2026-08-01 10:14:39 | INFO | Cog carregada: cogs.educacao
2026-08-01 10:14:39 | INFO | Cog carregada: cogs.ia_mundo
2026-08-01 10:14:39 | INFO | Cog carregada: cogs.profissional
2026-08-01 10:14:39 | INFO | Cog carregada: cogs.editar
2026-08-01 10:14:39 | INFO | Cog carregada: cogs.comandos_exclusivos
2026-08-01 10:14:39 | INFO | Cog carregada: cogs.corrupcao
2026-08-01 10:14:39 | INFO | Cog carregada: cogs.concursos
2026-08-01 10:14:39 | INFO | Cog carregada: cogs.aulas
2026-08-01 10:14:39 | INFO | Cog carregada: cogs.empresas
2026-08-01 10:14:39 | INFO | Cog carregada: cogs.viagem
2026-08-01 10:14:39 | INFO | Cog carregada: cogs.relacionamentos
2026-08-01 10:14:39 | INFO | Cog carregada: cogs.delivery
2026-08-01 10:14:39 | INFO | Cog carregada: cogs.ia_empresas
2026-08-01 10:14:39 | INFO | Cog carregada: cogs.clima
2026-08-01 10:14:39 | INFO | Cog carregada: cogs.cpf
2026-08-01 10:14:39 | INFO | Cog carregada: cogs.heranca
2026-08-01 10:14:39 | INFO | Cog carregada: cogs.menu
2026-08-01 10:14:39 | INFO | Cog carregada: cogs.agressao
2026-08-01 10:14:39 | INFO | Cog carregada: cogs.acao_privada
2026-08-01 10:14:39 | INFO | Cog carregada: cogs.news
2026-08-01 10:14:39 | INFO | Cog carregada: cogs.admin_ativacao
2026-08-01 10:14:39 | INFO | Cog carregada: cogs.imagens
2026-08-01 10:14:44 | INFO | Bot conectado como Econonelo RP#9444 (ID: 1532558409356939284)
2026-08-01 10:14:44 | INFO | Prefixo ativo: ?
2026-08-01 10:14:44 | INFO | ACAO | ESTADO_MUNDO_ATUALIZADO | dia = 16
2026-08-01 10:14:44 | INFO | ACAO | NOTICIA_GERADA | id=15 categoria=esportes
2026-08-01 10:14:44 | INFO | ACAO | ESTADO_MUNDO_ATUALIZADO | inflacao = 2.5
2026-08-01 10:17:11 | INFO | ACAO | BOT_INICIANDO | carregando banco e cogs
2026-08-01 10:17:11 | INFO | ACAO | BANCO_INICIADO | schema_version=24
2026-08-01 10:17:11 | INFO | Cog carregada: cogs.personagem
2026-08-01 10:17:11 | INFO | Cog carregada: cogs.familia
2026-08-01 10:17:11 | INFO | Cog carregada: cogs.oab
2026-08-01 10:17:11 | INFO | Cog carregada: cogs.provas
2026-08-01 10:17:11 | INFO | Cog carregada: cogs.emergencia
2026-08-01 10:17:11 | INFO | Cog carregada: cogs.profissoes
2026-08-01 10:17:11 | INFO | Cog carregada: cogs.economia
2026-08-01 10:17:11 | INFO | Cog carregada: cogs.eventos
2026-08-01 10:17:11 | INFO | Cog carregada: cogs.ajuda
2026-08-01 10:17:11 | INFO | Cog carregada: cogs.status
2026-08-01 10:17:11 | INFO | Cog carregada: cogs.acoes
2026-08-01 10:17:11 | INFO | Cog carregada: cogs.inventario
2026-08-01 10:17:12 | INFO | Cog carregada: cogs.npcs
2026-08-01 10:17:12 | INFO | Cog carregada: cogs.casas
2026-08-01 10:17:12 | INFO | Cog carregada: cogs.veiculos
2026-08-01 10:17:12 | INFO | Cog carregada: cogs.locais
2026-08-01 10:17:12 | INFO | Cog carregada: cogs.balanceamento
2026-08-01 10:17:12 | INFO | Cog carregada: cogs.minigames
2026-08-01 10:17:12 | INFO | Cog carregada: cogs.justica
2026-08-01 10:17:12 | INFO | Cog carregada: cogs.educacao
2026-08-01 10:17:12 | INFO | Cog carregada: cogs.ia_mundo
2026-08-01 10:17:12 | INFO | Cog carregada: cogs.profissional
2026-08-01 10:17:12 | INFO | Cog carregada: cogs.editar
2026-08-01 10:17:12 | INFO | Cog carregada: cogs.comandos_exclusivos
2026-08-01 10:17:12 | INFO | Cog carregada: cogs.corrupcao
2026-08-01 10:17:12 | INFO | Cog carregada: cogs.concursos
2026-08-01 10:17:12 | INFO | Cog carregada: cogs.aulas
2026-08-01 10:17:12 | INFO | Cog carregada: cogs.empresas
2026-08-01 10:17:12 | INFO | Cog carregada: cogs.viagem
2026-08-01 10:17:12 | INFO | Cog carregada: cogs.relacionamentos
2026-08-01 10:17:12 | INFO | Cog carregada: cogs.delivery
2026-08-01 10:17:12 | INFO | Cog carregada: cogs.ia_empresas
2026-08-01 10:17:12 | INFO | Cog carregada: cogs.clima
2026-08-01 10:17:12 | INFO | Cog carregada: cogs.cpf
2026-08-01 10:17:12 | INFO | Cog carregada: cogs.heranca
2026-08-01 10:17:12 | INFO | Cog carregada: cogs.menu
2026-08-01 10:17:12 | INFO | Cog carregada: cogs.agressao
2026-08-01 10:17:12 | INFO | Cog carregada: cogs.acao_privada
2026-08-01 10:17:12 | INFO | Cog carregada: cogs.news
2026-08-01 10:17:12 | INFO | Cog carregada: cogs.admin_ativacao
2026-08-01 10:17:12 | INFO | Cog carregada: cogs.imagens
2026-08-01 10:17:15 | INFO | Bot conectado como Econonelo RP#9444 (ID: 1532558409356939284)
2026-08-01 10:17:15 | INFO | Prefixo ativo: ?
2026-08-01 10:17:15 | INFO | ACAO | ESTADO_MUNDO_ATUALIZADO | dia = 17
2026-08-01 10:17:15 | INFO | ACAO | NOTICIA_GERADA | id=16 categoria=policial
2026-08-01 10:17:15 | INFO | ACAO | ESTADO_MUNDO_ATUALIZADO | inflacao = 2.4
2026-08-01 10:19:26 | INFO | ACAO | BOT_INICIANDO | carregando banco e cogs
2026-08-01 10:19:26 | INFO | ACAO | BANCO_INICIADO | schema_version=24
2026-08-01 10:19:26 | INFO | Cog carregada: cogs.personagem
2026-08-01 10:19:26 | INFO | Cog carregada: cogs.familia
2026-08-01 10:19:26 | INFO | Cog carregada: cogs.oab
2026-08-01 10:19:26 | INFO | Cog carregada: cogs.provas
2026-08-01 10:19:26 | INFO | Cog carregada: cogs.emergencia
2026-08-01 10:19:26 | INFO | Cog carregada: cogs.profissoes
2026-08-01 10:19:26 | INFO | Cog carregada: cogs.economia
2026-08-01 10:19:26 | INFO | Cog carregada: cogs.eventos
2026-08-01 10:19:26 | INFO | Cog carregada: cogs.ajuda
2026-08-01 10:19:26 | INFO | Cog carregada: cogs.status
2026-08-01 10:19:27 | INFO | Cog carregada: cogs.acoes
2026-08-01 10:19:27 | INFO | Cog carregada: cogs.inventario
2026-08-01 10:19:27 | INFO | Cog carregada: cogs.npcs
2026-08-01 10:19:27 | INFO | Cog carregada: cogs.casas
2026-08-01 10:19:27 | INFO | Cog carregada: cogs.veiculos
2026-08-01 10:19:27 | INFO | Cog carregada: cogs.locais
2026-08-01 10:19:27 | INFO | Cog carregada: cogs.balanceamento
2026-08-01 10:19:27 | INFO | Cog carregada: cogs.minigames
2026-08-01 10:19:27 | INFO | Cog carregada: cogs.justica
2026-08-01 10:19:27 | INFO | Cog carregada: cogs.educacao
2026-08-01 10:19:27 | INFO | Cog carregada: cogs.ia_mundo
2026-08-01 10:19:27 | INFO | Cog carregada: cogs.profissional
2026-08-01 10:19:27 | INFO | Cog carregada: cogs.editar
2026-08-01 10:19:27 | INFO | Cog carregada: cogs.comandos_exclusivos
2026-08-01 10:19:27 | INFO | Cog carregada: cogs.corrupcao
2026-08-01 10:19:27 | INFO | Cog carregada: cogs.concursos
2026-08-01 10:19:27 | INFO | Cog carregada: cogs.aulas
2026-08-01 10:19:27 | INFO | Cog carregada: cogs.empresas
2026-08-01 10:19:27 | INFO | Cog carregada: cogs.viagem
2026-08-01 10:19:27 | INFO | Cog carregada: cogs.relacionamentos
2026-08-01 10:19:27 | INFO | Cog carregada: cogs.delivery
2026-08-01 10:19:27 | INFO | Cog carregada: cogs.ia_empresas
2026-08-01 10:19:27 | INFO | Cog carregada: cogs.clima
2026-08-01 10:19:27 | INFO | Cog carregada: cogs.cpf
2026-08-01 10:19:27 | INFO | Cog carregada: cogs.heranca
2026-08-01 10:19:27 | INFO | Cog carregada: cogs.menu
2026-08-01 10:19:27 | INFO | Cog carregada: cogs.agressao
2026-08-01 10:19:27 | INFO | Cog carregada: cogs.acao_privada
2026-08-01 10:19:27 | INFO | Cog carregada: cogs.news
2026-08-01 10:19:27 | INFO | Cog carregada: cogs.admin_ativacao
2026-08-01 10:19:27 | INFO | Cog carregada: cogs.imagens
2026-08-01 10:19:31 | INFO | Bot conectado como Econonelo RP#9444 (ID: 1532558409356939284)
2026-08-01 10:19:31 | INFO | Prefixo ativo: ?
2026-08-01 10:19:31 | INFO | ACAO | ESTADO_MUNDO_ATUALIZADO | dia = 18
2026-08-01 10:19:31 | INFO | ACAO | NOTICIA_GERADA | id=17 categoria=economia
2026-08-01 10:19:31 | INFO | ACAO | ESTADO_MUNDO_ATUALIZADO | inflacao = 2.3
2026-08-01 10:19:31 | INFO | ACAO | ESTADO_MUNDO_ATUALIZADO | clima = Nublado
2026-08-01 10:39:50 | INFO | ACAO | BOT_INICIANDO | carregando banco e cogs
2026-08-01 10:39:50 | INFO | ACAO | BANCO_INICIADO | schema_version=24
2026-08-01 10:39:50 | INFO | Cog carregada: cogs.personagem
2026-08-01 10:39:50 | INFO | Cog carregada: cogs.familia
2026-08-01 10:39:51 | INFO | Cog carregada: cogs.oab
2026-08-01 10:39:51 | INFO | Cog carregada: cogs.provas
2026-08-01 10:39:51 | INFO | Cog carregada: cogs.emergencia
2026-08-01 10:39:51 | INFO | Cog carregada: cogs.profissoes
2026-08-01 10:39:51 | INFO | Cog carregada: cogs.economia
2026-08-01 10:39:51 | INFO | Cog carregada: cogs.eventos
2026-08-01 10:39:51 | INFO | Cog carregada: cogs.ajuda
2026-08-01 10:39:51 | INFO | Cog carregada: cogs.status
2026-08-01 10:39:51 | INFO | Cog carregada: cogs.acoes
2026-08-01 10:39:51 | INFO | Cog carregada: cogs.inventario
2026-08-01 10:39:51 | INFO | Cog carregada: cogs.npcs
2026-08-01 10:39:51 | INFO | Cog carregada: cogs.casas
2026-08-01 10:39:51 | INFO | Cog carregada: cogs.veiculos
2026-08-01 10:39:51 | INFO | Cog carregada: cogs.locais
2026-08-01 10:39:51 | INFO | Cog carregada: cogs.balanceamento
2026-08-01 10:39:51 | INFO | Cog carregada: cogs.minigames
2026-08-01 10:39:51 | INFO | Cog carregada: cogs.justica
2026-08-01 10:39:51 | INFO | Cog carregada: cogs.educacao
2026-08-01 10:39:51 | INFO | Cog carregada: cogs.ia_mundo
2026-08-01 10:39:51 | INFO | Cog carregada: cogs.profissional
2026-08-01 10:39:51 | INFO | Cog carregada: cogs.editar
2026-08-01 10:39:51 | INFO | Cog carregada: cogs.comandos_exclusivos
2026-08-01 10:39:51 | INFO | Cog carregada: cogs.corrupcao
2026-08-01 10:39:51 | INFO | Cog carregada: cogs.concursos
2026-08-01 10:39:51 | INFO | Cog carregada: cogs.aulas
2026-08-01 10:39:51 | INFO | Cog carregada: cogs.empresas
2026-08-01 10:39:51 | INFO | Cog carregada: cogs.viagem
2026-08-01 10:39:51 | INFO | Cog carregada: cogs.relacionamentos
2026-08-01 10:39:51 | INFO | Cog carregada: cogs.delivery
2026-08-01 10:39:51 | INFO | Cog carregada: cogs.ia_empresas
2026-08-01 10:39:51 | INFO | Cog carregada: cogs.clima
2026-08-01 10:39:51 | INFO | Cog carregada: cogs.cpf
2026-08-01 10:39:51 | INFO | Cog carregada: cogs.heranca
2026-08-01 10:39:51 | INFO | Cog carregada: cogs.menu
2026-08-01 10:39:51 | INFO | Cog carregada: cogs.agressao
2026-08-01 10:39:51 | INFO | Cog carregada: cogs.acao_privada
2026-08-01 10:39:51 | INFO | Cog carregada: cogs.news
2026-08-01 10:39:51 | INFO | Cog carregada: cogs.admin_ativacao
2026-08-01 10:39:51 | INFO | Cog carregada: cogs.imagens
2026-08-01 10:39:55 | INFO | Bot conectado como Econonelo RP#9444 (ID: 1532558409356939284)
2026-08-01 10:39:55 | INFO | Prefixo ativo: ?
2026-08-01 10:39:55 | INFO | ACAO | ESTADO_MUNDO_ATUALIZADO | dia = 19
2026-08-01 10:39:55 | INFO | ACAO | NOTICIA_GERADA | id=18 categoria=entretenimento
2026-08-01 10:39:55 | INFO | ACAO | ESTADO_MUNDO_ATUALIZADO | inflacao = 2.3
2026-08-01 10:47:26 | INFO | ACAO | BOT_INICIANDO | carregando banco e cogs
2026-08-01 10:47:26 | INFO | ACAO | BANCO_INICIADO | schema_version=24
2026-08-01 10:47:27 | INFO | Cog carregada: cogs.personagem
2026-08-01 10:47:27 | INFO | Cog carregada: cogs.familia
2026-08-01 10:47:27 | INFO | Cog carregada: cogs.oab
2026-08-01 10:47:27 | INFO | Cog carregada: cogs.provas
2026-08-01 10:47:27 | INFO | Cog carregada: cogs.emergencia
2026-08-01 10:47:27 | INFO | Cog carregada: cogs.profissoes
2026-08-01 10:47:27 | INFO | Cog carregada: cogs.economia
2026-08-01 10:47:27 | INFO | Cog carregada: cogs.eventos
2026-08-01 10:47:27 | INFO | Cog carregada: cogs.ajuda
2026-08-01 10:47:27 | INFO | Cog carregada: cogs.status
2026-08-01 10:47:27 | INFO | Cog carregada: cogs.acoes
2026-08-01 10:47:27 | INFO | Cog carregada: cogs.inventario
2026-08-01 10:47:27 | INFO | Cog carregada: cogs.npcs
2026-08-01 10:47:27 | INFO | Cog carregada: cogs.casas
2026-08-01 10:47:27 | INFO | Cog carregada: cogs.veiculos
2026-08-01 10:47:27 | INFO | Cog carregada: cogs.locais
2026-08-01 10:47:27 | INFO | Cog carregada: cogs.balanceamento
2026-08-01 10:47:27 | INFO | Cog carregada: cogs.minigames
2026-08-01 10:47:27 | INFO | Cog carregada: cogs.justica
2026-08-01 10:47:27 | INFO | Cog carregada: cogs.educacao
2026-08-01 10:47:27 | INFO | Cog carregada: cogs.ia_mundo
2026-08-01 10:47:27 | INFO | Cog carregada: cogs.profissional
2026-08-01 10:47:27 | INFO | Cog carregada: cogs.editar
2026-08-01 10:47:27 | INFO | Cog carregada: cogs.comandos_exclusivos
2026-08-01 10:47:27 | INFO | Cog carregada: cogs.corrupcao
2026-08-01 10:47:27 | INFO | Cog carregada: cogs.concursos
2026-08-01 10:47:27 | INFO | Cog carregada: cogs.aulas
2026-08-01 10:47:27 | INFO | Cog carregada: cogs.empresas
2026-08-01 10:47:27 | INFO | Cog carregada: cogs.viagem
2026-08-01 10:47:27 | INFO | Cog carregada: cogs.relacionamentos
2026-08-01 10:47:27 | INFO | Cog carregada: cogs.delivery
2026-08-01 10:47:27 | INFO | Cog carregada: cogs.ia_empresas
2026-08-01 10:47:27 | INFO | Cog carregada: cogs.clima
2026-08-01 10:47:27 | INFO | Cog carregada: cogs.cpf
2026-08-01 10:47:27 | INFO | Cog carregada: cogs.heranca
2026-08-01 10:47:27 | INFO | Cog carregada: cogs.menu
2026-08-01 10:47:27 | INFO | Cog carregada: cogs.agressao
2026-08-01 10:47:27 | INFO | Cog carregada: cogs.acao_privada
2026-08-01 10:47:27 | INFO | Cog carregada: cogs.news
2026-08-01 10:47:27 | INFO | Cog carregada: cogs.admin_ativacao
2026-08-01 10:47:27 | INFO | Cog carregada: cogs.imagens
2026-08-01 10:47:32 | INFO | Bot conectado como Econonelo RP#9444 (ID: 1532558409356939284)
2026-08-01 10:47:32 | INFO | Prefixo ativo: ?
2026-08-01 10:47:32 | INFO | ACAO | ESTADO_MUNDO_ATUALIZADO | dia = 20
2026-08-01 10:47:32 | INFO | ACAO | NOTICIA_GERADA | id=19 categoria=clima
2026-08-01 10:47:32 | INFO | ACAO | ESTADO_MUNDO_ATUALIZADO | inflacao = 2.4
2026-08-01 10:47:53 | ERROR | Erro no comando atender (user=501786436425744387): chamado_id is a required argument that is missing.
2026-08-01 10:47:53 | ERROR | NoneType: None

2026-08-01 10:47:53 | INFO | ACAO | ERRO_COMANDO | cmd=atender user=501786436425744387 error=chamado_id is a required argument that is missing.
2026-08-01 10:58:01 | INFO | ACAO | BOT_INICIANDO | carregando banco e cogs
2026-08-01 10:58:01 | INFO | ACAO | BANCO_INICIADO | schema_version=24
2026-08-01 10:58:01 | INFO | Cog carregada: cogs.personagem
2026-08-01 10:58:01 | INFO | Cog carregada: cogs.familia
2026-08-01 10:58:02 | INFO | Cog carregada: cogs.oab
2026-08-01 10:58:02 | INFO | Cog carregada: cogs.provas
2026-08-01 10:58:02 | ERROR | Falha ao carregar cog cogs.emergencia: Extension 'cogs.emergencia' raised an error: TypeError: Callback is already a command.
2026-08-01 10:58:02 | ERROR | Traceback (most recent call last):
  File "/data/data/com.termux/files/usr/lib/python3.13/site-packages/discord/ext/commands/bot.py", line 962, in _load_from_module_spec
    spec.loader.exec_module(lib)  # type: ignore
    ~~~~~~~~~~~~~~~~~~~~~~~^^^^^
  File "<frozen importlib._bootstrap_external>", line 1023, in exec_module
  File "<frozen importlib._bootstrap>", line 488, in _call_with_frames_removed
  File "/data/data/com.termux/files/home/Econonelo/rpbot/cogs/emergencia.py", line 16, in <module>
    class Emergencia(commands.Cog):
    ...<89 lines>...
            ), ephemeral=True)
  File "/data/data/com.termux/files/home/Econonelo/rpbot/cogs/emergencia.py", line 62, in Emergencia
    @commands.command(name="atender")
     ~~~~~~~~~~~~~~~~^^^^^^^^^^^^^^^^
  File "/data/data/com.termux/files/usr/lib/python3.13/site-packages/discord/ext/commands/core.py", line 1814, in decorator
    raise TypeError('Callback is already a command.')
TypeError: Callback is already a command.

The above exception was the direct cause of the following exception:

Traceback (most recent call last):
  File "/data/data/com.termux/files/home/Econonelo/rpbot/bot.py", line 139, in main
    await bot.load_extension(cog)
  File "/data/data/com.termux/files/usr/lib/python3.13/site-packages/discord/ext/commands/bot.py", line 1040, in load_extension
    await self._load_from_module_spec(spec, name)
  File "/data/data/com.termux/files/usr/lib/python3.13/site-packages/discord/ext/commands/bot.py", line 965, in _load_from_module_spec
    raise errors.ExtensionFailed(key, e) from e
discord.ext.commands.errors.ExtensionFailed: Extension 'cogs.emergencia' raised an error: TypeError: Callback is already a command.

2026-08-01 10:58:02 | INFO | Cog carregada: cogs.profissoes
2026-08-01 10:58:02 | INFO | Cog carregada: cogs.economia
2026-08-01 10:58:02 | INFO | Cog carregada: cogs.eventos
2026-08-01 10:58:02 | INFO | Cog carregada: cogs.ajuda
2026-08-01 10:58:02 | INFO | Cog carregada: cogs.status
2026-08-01 10:58:02 | INFO | Cog carregada: cogs.acoes
2026-08-01 10:58:02 | INFO | Cog carregada: cogs.inventario
2026-08-01 10:58:02 | INFO | Cog carregada: cogs.npcs
2026-08-01 10:58:02 | INFO | Cog carregada: cogs.casas
2026-08-01 10:58:02 | INFO | Cog carregada: cogs.veiculos
2026-08-01 10:58:02 | INFO | Cog carregada: cogs.locais
2026-08-01 10:58:02 | INFO | Cog carregada: cogs.balanceamento
2026-08-01 10:58:02 | INFO | Cog carregada: cogs.minigames
2026-08-01 10:58:02 | INFO | Cog carregada: cogs.justica
2026-08-01 10:58:02 | INFO | Cog carregada: cogs.educacao
2026-08-01 10:58:02 | INFO | Cog carregada: cogs.ia_mundo
2026-08-01 10:58:02 | INFO | Cog carregada: cogs.profissional
2026-08-01 10:58:02 | INFO | Cog carregada: cogs.editar
2026-08-01 10:58:02 | INFO | Cog carregada: cogs.comandos_exclusivos
2026-08-01 10:58:02 | INFO | Cog carregada: cogs.corrupcao
2026-08-01 10:58:02 | INFO | Cog carregada: cogs.concursos
2026-08-01 10:58:02 | INFO | Cog carregada: cogs.aulas
2026-08-01 10:58:02 | INFO | Cog carregada: cogs.empresas
2026-08-01 10:58:02 | INFO | Cog carregada: cogs.viagem
2026-08-01 10:58:02 | INFO | Cog carregada: cogs.relacionamentos
2026-08-01 10:58:02 | INFO | Cog carregada: cogs.delivery
2026-08-01 10:58:02 | INFO | Cog carregada: cogs.ia_empresas
2026-08-01 10:58:02 | INFO | Cog carregada: cogs.clima
2026-08-01 10:58:02 | INFO | Cog carregada: cogs.cpf
2026-08-01 10:58:02 | INFO | Cog carregada: cogs.heranca
2026-08-01 10:58:02 | INFO | Cog carregada: cogs.menu
2026-08-01 10:58:02 | INFO | Cog carregada: cogs.agressao
2026-08-01 10:58:02 | INFO | Cog carregada: cogs.acao_privada
2026-08-01 10:58:02 | INFO | Cog carregada: cogs.news
2026-08-01 10:58:02 | INFO | Cog carregada: cogs.admin_ativacao
2026-08-01 10:58:02 | INFO | Cog carregada: cogs.imagens
2026-08-01 10:58:07 | INFO | Bot conectado como Econonelo RP#9444 (ID: 1532558409356939284)
2026-08-01 10:58:07 | INFO | Prefixo ativo: ?
2026-08-01 10:58:08 | INFO | ACAO | ESTADO_MUNDO_ATUALIZADO | dia = 21
2026-08-01 10:58:08 | INFO | ACAO | NOTICIA_GERADA | id=20 categoria=entretenimento
2026-08-01 10:58:08 | INFO | ACAO | ESTADO_MUNDO_ATUALIZADO | inflacao = 2.7
2026-08-01 10:58:08 | INFO | ACAO | ESTADO_MUNDO_ATUALIZADO | clima = Frio
2026-08-01 10:59:15 | INFO | ACAO | BOT_INICIANDO | carregando banco e cogs
2026-08-01 10:59:15 | INFO | ACAO | BANCO_INICIADO | schema_version=24
2026-08-01 10:59:15 | INFO | Cog carregada: cogs.personagem
2026-08-01 10:59:15 | INFO | Cog carregada: cogs.familia
2026-08-01 10:59:15 | INFO | Cog carregada: cogs.oab
2026-08-01 10:59:15 | INFO | Cog carregada: cogs.provas
2026-08-01 10:59:15 | INFO | Cog carregada: cogs.emergencia
2026-08-01 10:59:15 | INFO | Cog carregada: cogs.profissoes
2026-08-01 10:59:15 | INFO | Cog carregada: cogs.economia
2026-08-01 10:59:15 | INFO | Cog carregada: cogs.eventos
2026-08-01 10:59:15 | INFO | Cog carregada: cogs.ajuda
2026-08-01 10:59:15 | INFO | Cog carregada: cogs.status
2026-08-01 10:59:15 | INFO | Cog carregada: cogs.acoes
2026-08-01 10:59:15 | INFO | Cog carregada: cogs.inventario
2026-08-01 10:59:15 | INFO | Cog carregada: cogs.npcs
2026-08-01 10:59:15 | INFO | Cog carregada: cogs.casas
2026-08-01 10:59:15 | INFO | Cog carregada: cogs.veiculos
2026-08-01 10:59:15 | INFO | Cog carregada: cogs.locais
2026-08-01 10:59:15 | INFO | Cog carregada: cogs.balanceamento
2026-08-01 10:59:15 | INFO | Cog carregada: cogs.minigames
2026-08-01 10:59:15 | INFO | Cog carregada: cogs.justica
2026-08-01 10:59:15 | INFO | Cog carregada: cogs.educacao
2026-08-01 10:59:15 | INFO | Cog carregada: cogs.ia_mundo
2026-08-01 10:59:15 | INFO | Cog carregada: cogs.profissional
2026-08-01 10:59:15 | INFO | Cog carregada: cogs.editar
2026-08-01 10:59:15 | INFO | Cog carregada: cogs.comandos_exclusivos
2026-08-01 10:59:15 | INFO | Cog carregada: cogs.corrupcao
2026-08-01 10:59:15 | INFO | Cog carregada: cogs.concursos
2026-08-01 10:59:15 | INFO | Cog carregada: cogs.aulas
2026-08-01 10:59:15 | INFO | Cog carregada: cogs.empresas
2026-08-01 10:59:15 | INFO | Cog carregada: cogs.viagem
2026-08-01 10:59:15 | INFO | Cog carregada: cogs.relacionamentos
2026-08-01 10:59:15 | INFO | Cog carregada: cogs.delivery
2026-08-01 10:59:15 | INFO | Cog carregada: cogs.ia_empresas
2026-08-01 10:59:15 | INFO | Cog carregada: cogs.clima
2026-08-01 10:59:15 | INFO | Cog carregada: cogs.cpf
2026-08-01 10:59:15 | INFO | Cog carregada: cogs.heranca
2026-08-01 10:59:15 | INFO | Cog carregada: cogs.menu
2026-08-01 10:59:15 | INFO | Cog carregada: cogs.agressao
2026-08-01 10:59:15 | INFO | Cog carregada: cogs.acao_privada
2026-08-01 10:59:15 | INFO | Cog carregada: cogs.news
2026-08-01 10:59:15 | INFO | Cog carregada: cogs.admin_ativacao
2026-08-01 10:59:15 | INFO | Cog carregada: cogs.imagens
2026-08-01 10:59:20 | INFO | Bot conectado como Econonelo RP#9444 (ID: 1532558409356939284)
2026-08-01 10:59:20 | INFO | Prefixo ativo: ?
2026-08-01 10:59:20 | INFO | ACAO | ESTADO_MUNDO_ATUALIZADO | dia = 22
2026-08-01 10:59:20 | INFO | ACAO | NOTICIA_GERADA | id=21 categoria=esportes
2026-08-01 10:59:20 | INFO | ACAO | ESTADO_MUNDO_ATUALIZADO | inflacao = 2.7
2026-08-01 11:36:25 | INFO | ACAO | BOT_INICIANDO | carregando banco e cogs
2026-08-01 11:36:25 | INFO | ACAO | BANCO_INICIADO | schema_version=24
2026-08-01 11:36:25 | ERROR | Falha ao carregar cog cogs.personagem: Extension 'cogs.personagem' raised an error: IndentationError: expected an indented block after 'if' statement on line 21 (personagem.py, line 22)
2026-08-01 11:36:25 | ERROR | Traceback (most recent call last):
  File "/data/data/com.termux/files/usr/lib/python3.13/site-packages/discord/ext/commands/bot.py", line 962, in _load_from_module_spec
    spec.loader.exec_module(lib)  # type: ignore
    ~~~~~~~~~~~~~~~~~~~~~~~^^^^^
  File "<frozen importlib._bootstrap_external>", line 1019, in exec_module
  File "<frozen importlib._bootstrap_external>", line 1157, in get_code
  File "<frozen importlib._bootstrap_external>", line 1087, in source_to_code
  File "<frozen importlib._bootstrap>", line 488, in _call_with_frames_removed
  File "/data/data/com.termux/files/home/Econonelo/rpbot/cogs/personagem.py", line 22
    embed.add_field(name="🆔 CPF", value=str(personagem['cpf']), inline=True)
    ^^^^^
IndentationError: expected an indented block after 'if' statement on line 21

The above exception was the direct cause of the following exception:

Traceback (most recent call last):
  File "/data/data/com.termux/files/home/Econonelo/rpbot/bot.py", line 142, in main
    await bot.load_extension(cog)
  File "/data/data/com.termux/files/usr/lib/python3.13/site-packages/discord/ext/commands/bot.py", line 1040, in load_extension
    await self._load_from_module_spec(spec, name)
  File "/data/data/com.termux/files/usr/lib/python3.13/site-packages/discord/ext/commands/bot.py", line 965, in _load_from_module_spec
    raise errors.ExtensionFailed(key, e) from e
discord.ext.commands.errors.ExtensionFailed: Extension 'cogs.personagem' raised an error: IndentationError: expected an indented block after 'if' statement on line 21 (personagem.py, line 22)

2026-08-01 11:36:25 | INFO | Cog carregada: cogs.familia
2026-08-01 11:36:25 | INFO | Cog carregada: cogs.oab
2026-08-01 11:36:25 | INFO | Cog carregada: cogs.provas
2026-08-01 11:36:25 | INFO | Cog carregada: cogs.emergencia
2026-08-01 11:36:25 | INFO | Cog carregada: cogs.profissoes
2026-08-01 11:36:25 | INFO | Cog carregada: cogs.comandos_faltantes
2026-08-01 11:36:25 | INFO | Cog carregada: cogs.interacoes_sociais
2026-08-01 11:36:25 | INFO | Cog carregada: cogs.criar_personagem
2026-08-01 11:36:25 | INFO | Cog carregada: cogs.economia
2026-08-01 11:36:25 | INFO | Cog carregada: cogs.eventos
2026-08-01 11:36:25 | INFO | Cog carregada: cogs.ajuda
2026-08-01 11:36:25 | INFO | Cog carregada: cogs.status
2026-08-01 11:36:25 | INFO | Cog carregada: cogs.acoes
2026-08-01 11:36:25 | INFO | Cog carregada: cogs.inventario
2026-08-01 11:36:25 | INFO | Cog carregada: cogs.npcs
2026-08-01 11:36:25 | INFO | Cog carregada: cogs.casas
2026-08-01 11:36:25 | INFO | Cog carregada: cogs.veiculos
2026-08-01 11:36:25 | INFO | Cog carregada: cogs.locais
2026-08-01 11:36:25 | INFO | Cog carregada: cogs.balanceamento
2026-08-01 11:36:25 | INFO | Cog carregada: cogs.minigames
2026-08-01 11:36:25 | INFO | Cog carregada: cogs.justica
2026-08-01 11:36:25 | INFO | Cog carregada: cogs.educacao
2026-08-01 11:36:25 | INFO | Cog carregada: cogs.ia_mundo
2026-08-01 11:36:25 | INFO | Cog carregada: cogs.profissional
2026-08-01 11:36:25 | INFO | Cog carregada: cogs.editar
2026-08-01 11:36:25 | ERROR | Falha ao carregar cog cogs.comandos_exclusivos: Extension 'cogs.comandos_exclusivos' raised an error: TypeError: Callback is already a command.
2026-08-01 11:36:25 | ERROR | Traceback (most recent call last):
  File "/data/data/com.termux/files/usr/lib/python3.13/site-packages/discord/ext/commands/bot.py", line 962, in _load_from_module_spec
    spec.loader.exec_module(lib)  # type: ignore
    ~~~~~~~~~~~~~~~~~~~~~~~^^^^^
  File "<frozen importlib._bootstrap_external>", line 1023, in exec_module
  File "<frozen importlib._bootstrap>", line 488, in _call_with_frames_removed
  File "/data/data/com.termux/files/home/Econonelo/rpbot/cogs/comandos_exclusivos.py", line 16, in <module>
    class ComandosExclusivos(commands.Cog):
    ...<356 lines>...
            )
  File "/data/data/com.termux/files/home/Econonelo/rpbot/cogs/comandos_exclusivos.py", line 257, in ComandosExclusivos
    @commands.command(name="roubar")
     ~~~~~~~~~~~~~~~~^^^^^^^^^^^^^^^
  File "/data/data/com.termux/files/usr/lib/python3.13/site-packages/discord/ext/commands/core.py", line 1814, in decorator
    raise TypeError('Callback is already a command.')
TypeError: Callback is already a command.

The above exception was the direct cause of the following exception:

Traceback (most recent call last):
  File "/data/data/com.termux/files/home/Econonelo/rpbot/bot.py", line 142, in main
    await bot.load_extension(cog)
  File "/data/data/com.termux/files/usr/lib/python3.13/site-packages/discord/ext/commands/bot.py", line 1040, in load_extension
    await self._load_from_module_spec(spec, name)
  File "/data/data/com.termux/files/usr/lib/python3.13/site-packages/discord/ext/commands/bot.py", line 965, in _load_from_module_spec
    raise errors.ExtensionFailed(key, e) from e
discord.ext.commands.errors.ExtensionFailed: Extension 'cogs.comandos_exclusivos' raised an error: TypeError: Callback is already a command.

2026-08-01 11:36:25 | ERROR | Falha ao carregar cog cogs.corrupcao: Extension 'cogs.corrupcao' raised an error: CommandRegistrationError: The command subornar is already an existing command or alias.
2026-08-01 11:36:25 | ERROR | Traceback (most recent call last):
  File "/data/data/com.termux/files/usr/lib/python3.13/site-packages/discord/ext/commands/bot.py", line 974, in _load_from_module_spec
    await setup(self)
  File "/data/data/com.termux/files/home/Econonelo/rpbot/cogs/corrupcao.py", line 152, in setup
    await bot.add_cog(Corrupcao(bot))
  File "/data/data/com.termux/files/usr/lib/python3.13/site-packages/discord/ext/commands/bot.py", line 810, in add_cog
    cog = await cog._inject(self, override=override, guild=guild, guilds=guilds)
          ^^^^^^^^^^^^^^^^^^^^^^^^^^^^^^^^^^^^^^^^^^^^^^^^^^^^^^^^^^^^^^^^^^^^^^
  File "/data/data/com.termux/files/usr/lib/python3.13/site-packages/discord/ext/commands/cog.py", line 729, in _inject
    raise e
  File "/data/data/com.termux/files/usr/lib/python3.13/site-packages/discord/ext/commands/cog.py", line 720, in _inject
    bot.add_command(command)
    ~~~~~~~~~~~~~~~^^^^^^^^^
  File "/data/data/com.termux/files/usr/lib/python3.13/site-packages/discord/ext/commands/bot.py", line 264, in add_command
    super().add_command(command)
    ~~~~~~~~~~~~~~~~~~~^^^^^^^^^
  File "/data/data/com.termux/files/usr/lib/python3.13/site-packages/discord/ext/commands/core.py", line 1391, in add_command
    raise CommandRegistrationError(command.name)
discord.ext.commands.errors.CommandRegistrationError: The command subornar is already an existing command or alias.

The above exception was the direct cause of the following exception:

Traceback (most recent call last):
  File "/data/data/com.termux/files/home/Econonelo/rpbot/bot.py", line 142, in main
    await bot.load_extension(cog)
  File "/data/data/com.termux/files/usr/lib/python3.13/site-packages/discord/ext/commands/bot.py", line 1040, in load_extension
    await self._load_from_module_spec(spec, name)
  File "/data/data/com.termux/files/usr/lib/python3.13/site-packages/discord/ext/commands/bot.py", line 979, in _load_from_module_spec
    raise errors.ExtensionFailed(key, e) from e
discord.ext.commands.errors.ExtensionFailed: Extension 'cogs.corrupcao' raised an error: CommandRegistrationError: The command subornar is already an existing command or alias.

2026-08-01 11:36:25 | INFO | Cog carregada: cogs.concursos
2026-08-01 11:36:25 | INFO | Cog carregada: cogs.aulas
2026-08-01 11:36:25 | INFO | Cog carregada: cogs.empresas
2026-08-01 11:36:25 | INFO | Cog carregada: cogs.viagem
2026-08-01 11:36:25 | INFO | Cog carregada: cogs.relacionamentos
2026-08-01 11:36:25 | INFO | Cog carregada: cogs.delivery
2026-08-01 11:36:25 | INFO | Cog carregada: cogs.ia_empresas
2026-08-01 11:36:25 | INFO | Cog carregada: cogs.clima
2026-08-01 11:36:25 | ERROR | Falha ao carregar cog cogs.cpf: Extension 'cogs.cpf' raised an error: TypeError: Callback is already a command.
2026-08-01 11:36:25 | ERROR | Traceback (most recent call last):
  File "/data/data/com.termux/files/usr/lib/python3.13/site-packages/discord/ext/commands/bot.py", line 962, in _load_from_module_spec
    spec.loader.exec_module(lib)  # type: ignore
    ~~~~~~~~~~~~~~~~~~~~~~~^^^^^
  File "<frozen importlib._bootstrap_external>", line 1023, in exec_module
  File "<frozen importlib._bootstrap>", line 488, in _call_with_frames_removed
  File "/data/data/com.termux/files/home/Econonelo/rpbot/cogs/cpf.py", line 16, in <module>
    class CPF(commands.Cog):
    ...<104 lines>...
            , ephemeral=True))
  File "/data/data/com.termux/files/home/Econonelo/rpbot/cogs/cpf.py", line 55, in CPF
    @commands.command(name="matarpersonagem")
     ~~~~~~~~~~~~~~~~^^^^^^^^^^^^^^^^^^^^^^^^
  File "/data/data/com.termux/files/usr/lib/python3.13/site-packages/discord/ext/commands/core.py", line 1814, in decorator
    raise TypeError('Callback is already a command.')
TypeError: Callback is already a command.

The above exception was the direct cause of the following exception:

Traceback (most recent call last):
  File "/data/data/com.termux/files/home/Econonelo/rpbot/bot.py", line 142, in main
    await bot.load_extension(cog)
  File "/data/data/com.termux/files/usr/lib/python3.13/site-packages/discord/ext/commands/bot.py", line 1040, in load_extension
    await self._load_from_module_spec(spec, name)
  File "/data/data/com.termux/files/usr/lib/python3.13/site-packages/discord/ext/commands/bot.py", line 965, in _load_from_module_spec
    raise errors.ExtensionFailed(key, e) from e
discord.ext.commands.errors.ExtensionFailed: Extension 'cogs.cpf' raised an error: TypeError: Callback is already a command.

2026-08-01 11:36:25 | INFO | Cog carregada: cogs.heranca
2026-08-01 11:36:25 | INFO | Cog carregada: cogs.menu
2026-08-01 11:36:25 | ERROR | Falha ao carregar cog cogs.agressao: Extension 'cogs.agressao' raised an error: TypeError: Callback is already a command.
2026-08-01 11:36:25 | ERROR | Traceback (most recent call last):
  File "/data/data/com.termux/files/usr/lib/python3.13/site-packages/discord/ext/commands/bot.py", line 962, in _load_from_module_spec
    spec.loader.exec_module(lib)  # type: ignore
    ~~~~~~~~~~~~~~~~~~~~~~~^^^^^
  File "<frozen importlib._bootstrap_external>", line 1023, in exec_module
  File "<frozen importlib._bootstrap>", line 488, in _call_with_frames_removed
  File "/data/data/com.termux/files/home/Econonelo/rpbot/cogs/agressao.py", line 19, in <module>
    class Agressao(commands.Cog):
    ...<244 lines>...
            ), ephemeral=True)
  File "/data/data/com.termux/files/home/Econonelo/rpbot/cogs/agressao.py", line 136, in Agressao
    @commands.command(name="curar", aliases=["tratar"])
     ~~~~~~~~~~~~~~~~^^^^^^^^^^^^^^^^^^^^^^^^^^^^^^^^^^
  File "/data/data/com.termux/files/usr/lib/python3.13/site-packages/discord/ext/commands/core.py", line 1814, in decorator
    raise TypeError('Callback is already a command.')
TypeError: Callback is already a command.

The above exception was the direct cause of the following exception:

Traceback (most recent call last):
  File "/data/data/com.termux/files/home/Econonelo/rpbot/bot.py", line 142, in main
    await bot.load_extension(cog)
  File "/data/data/com.termux/files/usr/lib/python3.13/site-packages/discord/ext/commands/bot.py", line 1040, in load_extension
    await self._load_from_module_spec(spec, name)
  File "/data/data/com.termux/files/usr/lib/python3.13/site-packages/discord/ext/commands/bot.py", line 965, in _load_from_module_spec
    raise errors.ExtensionFailed(key, e) from e
discord.ext.commands.errors.ExtensionFailed: Extension 'cogs.agressao' raised an error: TypeError: Callback is already a command.

2026-08-01 11:36:25 | INFO | Cog carregada: cogs.acao_privada
2026-08-01 11:36:25 | INFO | Cog carregada: cogs.news
2026-08-01 11:36:25 | INFO | Cog carregada: cogs.admin_ativacao
2026-08-01 11:36:25 | INFO | Cog carregada: cogs.imagens
2026-08-01 11:36:29 | INFO | Bot conectado como Econonelo RP#9444 (ID: 1532558409356939284)
2026-08-01 11:36:29 | INFO | Prefixo ativo: ?
2026-08-01 11:36:29 | INFO | ACAO | ESTADO_MUNDO_ATUALIZADO | dia = 23
2026-08-01 11:36:29 | INFO | ACAO | NOTICIA_GERADA | id=22 categoria=policial
2026-08-01 11:36:29 | INFO | ACAO | ESTADO_MUNDO_ATUALIZADO | inflacao = 2.8
2026-08-01 11:36:29 | INFO | ACAO | ESTADO_MUNDO_ATUALIZADO | clima = Chuvoso
